name,year,country,genre,director,rating
Аладдин,2019,"США, Великобритания, Австралия","мюзикл, фэнтези, мелодрама, комедия, приключения, семейный",Гай Ричи,7.3
Ласточки Христовы,2021,Россия,документальный,Юлия Бочарова,–
Титан,2020,"Франция, Бельгия","фантастика, драма, триллер, криминал",Жюлия Дюкурно,5.9
Бэтмен,2022,США,"боевик, драма, криминал, детектив",Мэтт Ривз,7.9
Далласский клуб покупателей,2013,США,"драма, биография",Жан-Марк Валле,7.9
Круэлла,2021,США,"комедия, криминал, драма",Крэйг Гиллеспи,7.5
История рыцаря,2001,США,"боевик, мелодрама, комедия",Брайан Хелгеленд,7.8
Мания,2021,США,"спорт, драма",Лорен Хэдэуэй,6.3
Пара из будущего,2021,Россия,"комедия, фантастика, мелодрама",Алексей Нужный,6.7
Меланхолия,2011,"Дания, Швеция, Франция, Германия","фантастика, драма",Ларс фон Триер,7.0
Своя война,2021,Россия,"драма, триллер, военный",Алексей Чадов,–
Повелитель бури,2008,США,"триллер, драма, военный",Кэтрин Бигелоу,7.3
"Мама, я дома",2021,Россия,драма,Владимир Битоков,6.9
Время первых,2017,Россия,"приключения, триллер, биография, история",Дмитрий Киселёв,7.5
Летчик,2021,Россия,"военный, биография, драма, история",Ренат Давлетьяров,7.4
Гладиатор,2000,"США, Великобритания, Мальта, Марокко","история, боевик, драма, приключения",Ридли Скотт,8.6
Аватар 2,2022,США,"фантастика, боевик, триллер, приключения",Джеймс Кэмерон,90%
Первый встречный,2022,США,"мелодрама, комедия, музыка",Кэт Койро,6.5
Утомленные солнцем 2: Предстояние,2010,Россия,"драма, военный",Никита Михалков,3.8
Бункер,2011,"Колумбия, Испания","триллер, драма, детектив",Андрес Байс,7.2
Гран Торино,2008,"США, Германия",драма,Клинт Иствуд,8.1
Типа крутые легавые,2007,"Великобритания, Франция","боевик, триллер, комедия, детектив",Эдгар Райт,7.6
Гарри Поттер и Дары Смерти: Часть II,2011,"Великобритания, США","фэнтези, детектив, приключения",Дэвид Йейтс,8.1
Пассажиры,2016,"США, Австралия","фантастика, триллер, драма, мелодрама",Мортен Тильдум,7.2
Сноуден,2016,"Великобритания, Франция, Германия, США","триллер, драма, криминал, биография",Оливер Стоун,6.9
Уроки фарси,2020,"Россия, Германия, Беларусь","драма, военный",Вадим Перельман,7.8
Иди и смотри,1985,СССР,"драма, военный, история",Элем Климов,8.1
Дитя погоды,2019,Япония,"аниме, мультфильм, мелодрама, фэнтези",Макото Синкай,7.9
Дилер,1996,Дания,"триллер, криминал",Николас Виндинг Рефн,7.0
Бешеные псы,1991,США,"криминал, драма, триллер",Квентин Тарантино,8.1
Стражи Галактики,2014,США,"фантастика, боевик, приключения, комедия",Джеймс Ганн,7.8
Трансформеры,2007,США,"фантастика, боевик",Майкл Бэй,7.6
Ученик чудовища,2015,Япония,"аниме, мультфильм, фэнтези, приключения",Мамору Хосода,8.1
День сурка,1993,США,"фэнтези, драма, мелодрама, комедия",Харольд Рэмис,8.1
Гарри Поттер и Принц-полукровка,2009,Великобритания,"фэнтези, приключения, семейный",Дэвид Йейтс,7.8
Тебе стоило уйти,2020,"США, Великобритания","триллер, ужасы",Дэвид Кепп,5.5
Эффект бабочки,2003,"США, Канада","фантастика, триллер, драма","Эрик Бресс, Дж. Макки Грубер",8.2
Гаттака,1997,США,"фантастика, драма, мелодрама, детектив",Эндрю Никкол,8.0
Форсаж,2001,"США, Германия","боевик, триллер, криминал",Роб Коэн,7.7
Аннетт,2020,"Франция, Бельгия, Германия, США, Япония, Мексика, Швейцария","мюзикл, драма, мелодрама",Леос Каракс,7.1
Мой сосед Тоторо,1988,Япония,"аниме, мультфильм, фэнтези, приключения, семейный",Хаяо Миядзаки,8.2
Главный герой,2021,США,"фантастика, боевик, комедия, мелодрама",Шон Леви,7.4
Самый пьяный округ в мире,2012,США,"драма, криминал, биография",Джон Хиллкоут,7.5
Бегущий в лабиринте,2014,"США, Великобритания","фантастика, триллер, приключения",Уэс Болл,6.8
Плохие парни,2022,США,"мультфильм, комедия, криминал, приключения, семейный",Пьер Перифел,7.6
Неогранённые алмазы,2019,США,"триллер, драма, криминал","Бенни Сэфди, Джош Сэфди",7.1
Сядь за руль моей машины,2021,Япония,драма,Рюсукэ Хамагути,7.4
Женщина в окне,2021,США,"триллер, криминал, детектив",Джо Райт,5.9
Ральф против интернета,2018,США,"мультфильм, комедия, приключения, семейный, фантастика","Фил Джонстон, Рич Мур",7.2
Я — легенда,2007,США,"фантастика, боевик, триллер, драма, приключения",Френсис Лоуренс,7.9
Капитан Волконогов бежал,2021,"Россия, Эстония, Франция","триллер, драма","Наташа Меркулова, Алексей Чупов",7.7
Одиннадцать друзей Оушена,2001,США,"криминал, триллер",Стивен Содерберг,8.1
Парк Юрского периода,1993,США,"приключения, фантастика, семейный",Стивен Спилберг,7.8
Босс-молокосос 2,2021,США,"мультфильм, комедия, приключения, семейный",Том МакГрат,7.3
Зеркало,1974,СССР,"драма, биография",Андрей Тарковский,8.0
"Не грози южному централу, попивая сок у себя в квартале",1995,США,"комедия, криминал",Пэрис Барклай,7.2
Шпион,2015,"США, Великобритания, Франция, Венгрия, Германия","боевик, комедия",Пол Фиг,7.1
Душа,2020,США,"мультфильм, фэнтези, комедия, приключения, семейный, музыка","Пит Доктер, Кемп Пауэрс",8.4
Перелом,2007,"США, Германия","триллер, драма, криминал",Грегори Хоблит,7.7
Любой ценой,2016,США,"боевик, криминал, триллер, драма",Дэвид Маккензи,7.2
Уйти красиво,2016,США,"комедия, криминал",Зак Брафф,6.7
Серебряные коньки,2020,Россия,"мелодрама, приключения, драма",Михаил Локшин,7.3
1984,1984,Великобритания,"фантастика, драма",Майкл Рэдфорд,6.9
Волк с Уолл-стрит,2013,США,"драма, криминал, биография, комедия",Мартин Скорсезе,7.9
1408,2007,США,"ужасы, триллер",Микаэль Хофстрём,7.7
Аннигиляция,2017,Великобритания,"ужасы, фантастика, триллер, драма",Алекс Гарленд,6.7
Непослушник,2022,Россия,комедия,Владимир Котт,6.3
Костяной томагавк,2015,"США, Великобритания","ужасы, драма, вестерн",С. Крэйг Залер,6.8
28 дней спустя,2002,Великобритания,"ужасы, фантастика, триллер, драма",Дэнни Бойл,7.5
После,2019,США,мелодрама,Дженни Гейдж,5.9
Чёрный Адам,2022,США,"фантастика, фэнтези, боевик",Жауме Кольет-Серра,98%
Зеркала,2008,"США, Румыния, Германия, Франция","ужасы, триллер, детектив",Александр Ажа,7.1
Паразиты,2019,Корея Южная,"драма, триллер, комедия",Пон Джун-хо,8.0
Наёмник,2022,США,"боевик, триллер",Тарик Салех,6.0
Власть,2018,США,"драма, комедия, биография",Адам МакКей,7.1
Чёрный ястреб,2001,"США, Великобритания","военный, боевик, история, драма",Ридли Скотт,7.8
Троя,2004,"США, Мальта, Великобритания","боевик, история, драма, мелодрама",Вольфганг Петерсен,8.0
Смерть на Ниле,2020,"США, Великобритания","детектив, криминал, драма",Кеннет Брана,6.5
Мстители: Эра Альтрона,2015,США,"фантастика, боевик, приключения",Джосс Уидон,7.2
Первый мститель: Противостояние,2016,США,"фантастика, боевик, приключения","Энтони Руссо, Джо Руссо",7.4
Снайпер,2014,США,"боевик, драма, военный, биография",Клинт Иствуд,7.0
Магнолия,1999,США,драма,Пол Томас Андерсон,7.4
Реинкарнация,2018,США,"ужасы, драма, детектив",Ари Астер,6.5
Господин Никто,2009,"Бельгия, Германия, Канада, Франция, Великобритания, Люксембург, США","фантастика, мелодрама, фэнтези, драма",Жако ван Дормель,7.9
Королевская игра,2021,"Германия, Австрия","драма, триллер",Филипп Штёльцль,6.9
Всегда говори «ДА»,2008,"США, Великобритания",комедия,Пейтон Рид,7.8
12 разгневанных мужчин,1956,США,"драма, детектив, криминал",Сидни Люмет,8.5
Этерна: Часть первая,2022,Россия,"фэнтези, драма, мелодрама, приключения",Евгений Невский,6.2
Гарри Поттер и Орден Феникса,2007,"Великобритания, США","фэнтези, приключения, семейный",Дэвид Йейтс,7.8
Убийца,2015,"США, Мексика, Гонконг","боевик, триллер, драма, криминал, детектив",Дени Вильнёв,7.2
Бессмертная гвардия,2020,США,"фэнтези, боевик",Джина Принс-Байтвуд,6.3
Облачный атлас,2012,"США, Германия, Гонконг, Сингапур","фантастика, драма, боевик, детектив, приключения","Лана Вачовски, Том Тыквер, Лилли Вачовски",7.7
Бесконечность,2021,США,"фантастика, боевик",Антуан Фукуа,6.3
Молчание ягнят,1990,США,"триллер, детектив, криминал, драма, ужасы",Джонатан Демме,8.3
Разжимая кулаки,2020,Россия,драма,Кира Коваленко,6.9
Дом странных детей Мисс Перегрин,2016,"США, Великобритания, Бельгия, Канада","фэнтези, триллер, драма, приключения, семейный",Тим Бёртон,6.9
Андрей Рублев,1966,СССР,"драма, биография, история",Андрей Тарковский,8.2
Охота,2012,"Дания, Швеция",драма,Томас Винтерберг,7.9
Затерянный город,2022,США,"комедия, приключения, мелодрама, боевик","Аарон Ни, Адам Ни",6.1
Донбасс. Окраина,2018,Россия,"драма, военный, триллер",Ренат Давлетьяров,7.1
Таинственный лес,2004,США,"триллер, мелодрама",М. Найт Шьямалан,7.1
Тор 2: Царство тьмы,2013,США,"фэнтези, боевик, приключения",Алан Тейлор,7.3
Общество мертвых поэтов,1989,США,"драма, комедия",Питер Уир,8.2
Грань будущего,2014,"США, Канада","фантастика, боевик, приключения",Даг Лайман,7.9
Пузырь,2022,США,комедия,Джадд Апатоу,5.4
Артек. Большое путешествие,2021,Россия,"комедия, семейный","Карен Захаров, Армен Ананикян",84%
Жизнь задом наперед (ТВ,2007,Великобритания,"драма, биография",Дэвид Эттвуд,7.8
Ирландец,2019,США,"криминал, драма, биография",Мартин Скорсезе,7.4
Форсаж: Хоббс и Шоу,2019,"США, Япония","боевик, триллер, приключения",Дэвид Литч,6.3
Доктор Сон,2019,США,"триллер, драма, фэнтези, ужасы",Майк Флэнеган,7.3
Невидимая сторона,2009,США,"драма, спорт, биография",Джон Ли Хэнкок,8.2
Курьер,1986,СССР,"драма, мелодрама, комедия",Карен Шахназаров,8.0
Воин,2011,США,"драма, спорт",Гэвин О’Коннор,8.0
От кутюр,2021,Франция,"комедия, драма",Сильви Оайон,6.5
Догвилль,2003,"Дания, Нидерланды, Швеция, Германия, Великобритания, Франция, Финляндия, Норвегия, Италия","триллер, драма, детектив",Ларс фон Триер,7.9
Семейный бюджет,2021,Россия,комедия,Евгений Абызов,6.2
Семь,1995,США,"триллер, драма, криминал, детектив",Дэвид Финчер,8.3
Марсианин,2015,"Великобритания, США, Венгрия, Иордания","фантастика, приключения",Ридли Скотт,7.7
Холодное сердце,2013,США,"мультфильм, мюзикл, фэнтези, комедия, мелодрама, приключения, семейный","Крис Бак, Дженнифер Ли",7.8
Стражи Галактики. Часть 2,2017,США,"фантастика, боевик, приключения, комедия",Джеймс Ганн,7.6
Время убивать,1996,США,"триллер, драма, криминал",Джоэл Шумахер,7.9
Заводной апельсин,1971,"Великобритания, США","фантастика, криминал",Стэнли Кубрик,7.9
Приключения Шаркбоя и Лавы,2005,США,"фантастика, фэнтези, боевик, комедия, приключения, семейный",Роберт Родригес,4.2
Одержимость,2013,США,"драма, музыка",Дэмьен Шазелл,8.3
Бойфренд из будущего,2013,"Великобритания, США","фантастика, фэнтези, драма, мелодрама, комедия",Ричард Кёртис,7.9
Красотка на всю голову,2018,"США, Китай","мелодрама, комедия","Эбби Кон, Марк Силверштейн",6.6
Апгрейд,2018,"Австралия, США","фантастика, боевик, триллер, детектив, криминал",Ли Уоннелл,7.6
Тор,2011,США,"фантастика, боевик, фэнтези, приключения",Кеннет Брана,7.1
Космический джем: Новое поколение,2021,США,"мультфильм, фантастика, фэнтези, комедия, приключения, семейный, спорт",Малкольм Д. Ли,6.0
Проклятие плачущей: Безвременье,2022,США,ужасы,"Эндрю Мечэм, Мэттью Уэдон",–
Звёздные войны: Эпизод 3 — Месть ситхов,2005,США,"фантастика, боевик, фэнтези, приключения",Джордж Лукас,8.1
Операция «Фортуна»: Искусство побеждать,2022,"Китай, США","боевик, триллер, комедия",Гай Ричи,–
Тихое место,2018,США,"ужасы, фантастика, драма",Джон Красински,6.8
Прекрасная эпоха,2019,"Франция, Бельгия","мелодрама, драма, комедия",Николя Бедос,7.7
Человек-муравей,2015,США,"фантастика, боевик, комедия, приключения",Пейтон Рид,7.1
Чудаки навсегда,2022,США,"документальный, боевик, комедия",Джефф Треймейн,6.9
Терминатор,1984,"Великобритания, США","фантастика, боевик, триллер",Джеймс Кэмерон,8.0
Финник,2022,Россия,"мультфильм, приключения, детский",Денис Чернов,6.6
Люди Икс: Дни минувшего будущего,2014,"США, Великобритания","фантастика, боевик, триллер, приключения",Брайан Сингер,7.7
Посейдон,2006,США,"боевик, триллер, приключения",Вольфганг Петерсен,6.5
Соник 2 в кино,2022,"Япония, США","фантастика, фэнтези, боевик, комедия, приключения, семейный",Джефф Фаулер,7.0
Лакричная пицца,2021,"США, Канада","драма, мелодрама, комедия",Пол Томас Андерсон,7.4
Тихий омут,2021,США,"триллер, драма, криминал",Том Маккарти,6.8
Город грехов,2005,США,"боевик, триллер, криминал, детектив","Фрэнк Миллер, Квентин Тарантино, Роберт Родригес",7.9
Прометей,2012,"США, Великобритания","фантастика, ужасы",Ридли Скотт,7.0
Вечные,2021,США,"фантастика, фэнтези, боевик, приключения",Хлоя Чжао,6.5
Пианист,2002,"Франция, Польша, Великобритания, Германия","драма, военный, биография, музыка",Роман Полански,8.5
Чёрный лебедь,2010,США,"драма, триллер",Даррен Аронофски,7.7
Царство небесное,2005,"США, Испания","боевик, драма, приключения, военный, история",Ридли Скотт,7.6
Зомби по имени Шон,2004,"Великобритания, Франция, США","ужасы, комедия",Эдгар Райт,7.4
Жизнь Дэвида Гейла,2002,"Великобритания, Германия, Испания, США","триллер, драма, криминал",Алан Паркер,8.1
Пираты Карибского моря: Мертвецы не рассказывают сказки,2017,"США, Австралия, Великобритания, Канада","фэнтези, боевик, комедия, приключения","Хоаким Роннинг, Эспен Сандберг",6.6
Солярис,1972,СССР,"фантастика, драма, детектив",Андрей Тарковский,8.0
Большой Лебовски,1998,"США, Великобритания","комедия, криминал","Джоэл Коэн, Итан Коэн",7.8
Один дома,1990,США,"комедия, семейный",Крис Коламбус,8.3
Идентификация,2003,США,"триллер, детектив",Джеймс Мэнголд,7.6
Терминал,2004,США,"драма, мелодрама, комедия",Стивен Спилберг,8.1
Рататуй,2007,США,"мультфильм, приключения, комедия, семейный, фэнтези, драма","Брэд Бёрд, Ян Пинкава",8.0
Обитель зла,2002,"США, Германия","ужасы, боевик, фантастика",Пол У. С. Андерсон,7.5
Поездка на выходные,2022,США,"триллер, драма, криминал, детектив",Ким Фаррант,6.1
Стрелок,2007,США,"боевик, триллер, драма",Антуан Фукуа,7.7
Воспоминания,2021,США,"фантастика, триллер, мелодрама, детектив",Лиза Джой,6.6
Умница Уилл Хантинг,1997,США,"драма, мелодрама",Гас Ван Сент,8.1
Хэллоуин убивает,2021,США,ужасы,Дэвид Гордон Грин,5.2
Солнцестояние,2019,"Швеция, США","ужасы, драма, триллер",Ари Астер,6.5
Люди в чёрном,1997,США,"фантастика, боевик, комедия, приключения",Барри Зонненфельд,8.0
Тайна Коко,2017,"США, Мексика","мультфильм, фэнтези, комедия, приключения, семейный, музыка","Ли Анкрич, Эдриан Молина",8.6
Война миров Z,2013,США,"ужасы, фантастика, боевик, приключения",Марк Форстер,7.0
Холодное сердце 2,2019,США,"мультфильм, мюзикл, фэнтези, комедия, приключения, семейный","Крис Бак, Дженнифер Ли",7.2
Дьявол всегда здесь,2020,США,"триллер, драма, криминал",Антонио Кампос,7.1
Семья по-быстрому,2018,США,"драма, комедия, семейный",Шон Андерс,7.5
Ряд 19,2021,Россия,"ужасы, триллер",Александр Бабаев,4.9
Тор: Любовь и гром,2022,США,"фэнтези, боевик, приключения",Тайка Вайтити,96%
Кто там,2014,"США, Чили, Израиль",триллер,Элай Рот,5.6
Адвокат дьявола,1997,"США, Германия","триллер, фэнтези, драма, детектив",Тейлор Хэкфорд,8.2
Заклятие 3: По воле дьявола,2021,США,"ужасы, детектив",Майкл Чавес,6.3
Банды Нью-Йорка,2002,"США, Германия, Великобритания, Нидерланды, Италия","драма, криминал",Мартин Скорсезе,7.7
Утраченные иллюзии,2021,"Франция, Бельгия","драма, мелодрама",Ксавье Джанноли,7.5
Отряд самоубийц: Миссия навылет,2021,США,"боевик, фантастика, комедия, фэнтези",Джеймс Ганн,6.7
Дьявол в деталях,2020,США,"детектив, криминал, триллер, драма",Джон Ли Хэнкок,6.6
Армия воров,2021,"Германия, США","боевик, триллер, криминал",Маттиас Швайгхёфер,6.4
"Гангстер, коп и дьявол",2019,Корея Южная,"триллер, боевик, криминал, детектив",Ли Вон-тхэ,7.2
Это всё он,2021,США,"мелодрама, комедия",Марк Уотерс,6.1
Мальчишник в Вегасе,2009,США,комедия,Тодд Филлипс,7.9
Ничего хорошего в отеле «Эль Рояль»,2018,США,"триллер, драма, криминал, детектив",Дрю Годдард,7.1
Двухсотлетний человек,1999,"США, Германия","фантастика, драма, комедия",Крис Коламбус,8.0
Шоу Трумана,1998,США,"драма, комедия",Питер Уир,8.3
Алита: Боевой ангел,2019,"США, Япония, Канада","фантастика, боевик, приключения",Роберт Родригес,7.2
Нефть,2007,США,драма,Пол Томас Андерсон,7.8
Заложница,2007,"Франция, США, Великобритания","боевик, триллер, криминал",Пьер Морель,7.9
Место под соснами,2012,США,"триллер, драма, криминал",Дерек Сиенфрэнс,7.3
Сёстры,2001,Россия,"драма, криминал",Сергей Бодров мл.,7.6
Железный человек 3,2013,США,"фантастика, боевик, приключения",Шейн Блэк,7.5
Приключения Пильи,2021,Франция,"мультфильм, фэнтези, приключения",Жюльен Фурне,7.4
Батя,2020,Россия,"комедия, мелодрама",Дмитрий Ефимович,7.2
Жажда золота,2021,Австралия,"боевик, триллер",Энтони Хэйес,5.6
Утомленные солнцем 2: Цитадель,2011,Россия,"драма, военный",Никита Михалков,3.5
Пламенное сердце,2022,"Франция, Канада","мультфильм, комедия, приключения, семейный","Теодор Ти, Лоран Зэйтун",6.4
Разрушение,2015,США,"драма, комедия",Жан-Марк Валле,7.2
Револьвер,2005,"Великобритания, Франция","боевик, триллер, драма, криминал, детектив",Гай Ричи,7.4
Однажды в кино,2021,"Индия, Франция, США",драма,Пан Налин,7.2
"Гудбай, Америка",2020,Россия,"мелодрама, комедия",Сарик Андреасян,6.6
Век Адалин,2015,"США, Канада","драма, мелодрама, фэнтези",Ли Толанд Кригер,7.6
Волынь,2016,Польша,"военный, драма, история",Войчех Смажовски,7.0
Война,2002,Россия,"боевик, военный, история, драма",Алексей Балабанов,8.0
Тор: Рагнарёк,2017,"США, Австралия","фантастика, фэнтези, боевик, комедия, приключения",Тайка Вайтити,7.6
Рапунцель: Запутанная история,2010,"США, Германия","мультфильм, мюзикл, фэнтези, мелодрама, комедия, приключения, семейный","Нэйтан Грено, Байрон Ховард",7.9
Убийство в Восточном экспрессе,2017,"США, Мальта, Великобритания","детектив, криминал, драма",Кеннет Брана,6.8
Олдбой,2003,Корея Южная,"триллер, детектив, драма, боевик, криминал",Пак Чхан-ук,8.1
Последний богатырь: Корень зла,2020,Россия,"фэнтези, приключения, комедия, семейный",Дмитрий Дьяченко,6.9
Город героев,2014,"США, Япония","мультфильм, фантастика, комедия, семейный, боевик","Дон Холл, Крис Уильямс",7.9
Последний богатырь,2017,Россия,"комедия, фэнтези, приключения, семейный",Дмитрий Дьяченко,6.9
Похождения императора,2000,США,"мультфильм, фэнтези, комедия, приключения, семейный",Марк Диндал,7.9
Время,2021,"США, Япония","триллер, драма, фантастика",М. Найт Шьямалан,6.4
Страсть под запретом,2021,Латвия,комедия,Андрейс Экис ,5.4
Красотка,1990,США,"мелодрама, комедия",Гэрри Маршалл,8.0
Моя ужасная сестра,2021,Россия,семейный,Александр Галибин,5.3
Доктор Стрэндж: В мультивселенной безумия,2022,США,"ужасы, фантастика, фэнтези, боевик, приключения",Сэм Рэйми,97%
Пираты Карибского моря: На краю света,2007,США,"приключения, боевик, фэнтези",Гор Вербински,8.0
Спенсер,2021,"Великобритания, Германия, США, Чили","биография, драма, мелодрама",Пабло Ларраин,6.2
Исчезнувший,2021,"Великобритания, Франция, Германия","триллер, драма, криминал, детектив",Кристиан Карион,6.0
Реальные упыри,2014,Новая Зеландия,"комедия, ужасы","Джемейн Клемент, Тайка Вайтити",7.4
Звёздные войны: Скайуокер. Восход,2019,США,"фантастика, фэнтези, боевик, приключения",Джей Джей Абрамс,6.0
Отец,2020,"Великобритания, Франция, США",драма,Флориан Зеллер,7.8
500 дней лета,2009,США,"мелодрама, комедия",Марк Уэбб,7.6
Мы,2019,"США, Китай, Япония","ужасы, триллер, детектив, комедия",Джордан Пил,6.3
Роман служанки,2021,"Великобритания, Германия","драма, мелодрама",Ева Хассон,5.7
Техасская резня бензопилой,2022,"США, Болгария",ужасы,Дэвид Блу Гарсиа,5.2
Ведьмы,2020,"США, Мексика, Великобритания","фэнтези, комедия, семейный",Роберт Земекис,5.7
Я иду искать,2019,"США, Канада","триллер, комедия, ужасы","Мэттью Беттинелли, Тайлер Джиллетт",6.9
Белфаст,2021,Великобритания,"драма, биография, история",Кеннет Брана,7.0
Оно,2017,"США, Канада","ужасы, фэнтези, драма, детектив",Андрес Мускетти,7.3
Девять ярдов,2000,США,"комедия, криминал",Джонатан Линн,7.7
Гарри Поттер и Тайная комната,2002,"Великобритания, США","фэнтези, приключения, семейный",Крис Коламбус,8.1
Американский пирог,1999,США,комедия,"Пол Вайц, Крис Вайц",7.2
Остров сокровищ,1988,СССР,"мультфильм, приключения, мюзикл, комедия",Давид Черкасский,8.2
Обливион,2013,США,"фантастика, боевик, триллер, приключения, мелодрама",Джозеф Косински,7.2
Монстры,2010,"Великобритания, Мексика","фантастика, триллер, драма, мелодрама, приключения",Гарет Эдвардс,5.9
Крик,2022,США,"ужасы, детектив","Мэттью Беттинелли, Тайлер Джиллетт",6.2
Сердце из стали,2017,"Китай, Гонконг","фантастика, боевик, триллер",Чжан Лицзя,5.7
Бабки,2021,Россия,"комедия, драма",Никита Владимиров,5.4
Элвин и бурундуки,2007,США,"семейный, комедия, музыка",Тим Хилл,6.2
Молчание,2016,"США, Великобритания, Тайвань, Япония, Мексика, Италия","драма, история",Мартин Скорсезе,7.1
Не время умирать,2021,"Великобритания, США","боевик, триллер, приключения",Кэри Дзёдзи Фукунага,7.0
Мегрэ и таинственная девушка,2022,"Франция, Бельгия","детектив, криминал",Патрис Леконт,6.3
Воспоминания из будущего,2021,Корея Южная,"триллер, детектив, криминал",Со Ю-мин,6.9
Остров,2006,Россия,драма,Павел Лунгин,7.9
Еще одна из рода Болейн,2008,"Великобритания, США","драма, мелодрама, биография, история",Джастин Чадвик,7.7
Большой куш,2000,"Великобритания, США","криминал, комедия, боевик",Гай Ричи,8.5
В метре друг от друга,2019,США,"драма, мелодрама",Джастин Бальдони,7.3
Жуткая семейка,2021,Италия,комедия,Вольфанго Де Биази,6.7
Вальдо,2021,США,"триллер, боевик, детектив",Тим Киркби,6.3
Индиана Джонс: В поисках утраченного ковчега,1981,США,"приключения, боевик, комедия",Стивен Спилберг,8.0
Валериан и город тысячи планет,2017,"Франция, Китай, Германия, ОАЭ, США","фантастика, фэнтези, боевик, приключения",Люк Бессон,6.8
"Я, робот",2004,"США, Германия","фантастика, боевик, триллер, детектив",Алекс Пройас,7.8
Человек-паук: Нет пути домой,2021,США,"фантастика, боевик, приключения, фэнтези",Джон Уоттс,8.1
Притворись моей женой,2011,США,"мелодрама, комедия",Деннис Дуган,7.3
"Лжец, лжец",1997,США,"комедия, фэнтези",Том Шэдьяк,7.7
Стикер,2022,Россия,"мелодрама, детектив, триллер",Дмитрий Баран,–
Остров собак,2018,"США, Германия, Япония, Великобритания","мультфильм, фантастика, фэнтези, драма, комедия, приключения",Уэс Андерсон,8.1
Глаза Тэмми Фэй,2021,США,"драма, мелодрама, биография",Майкл Шоуолтер,6.5
Человек-паук: Возвращение домой,2017,США,"фантастика, боевик, приключения",Джон Уоттс,7.1
Интерстеллар,2014,"Великобритания, Канада, США","фантастика, драма, приключения",Кристофер Нолан,8.6
С меня хватит!,1992,"США, Франция, Великобритания","боевик, триллер, драма, криминал",Джоэл Шумахер,7.6
Девушка с татуировкой дракона,2011,"США, Швеция, Норвегия","триллер, драма, криминал, детектив",Дэвид Финчер,7.7
Атлантида: Затерянный мир,2001,США,"мультфильм, фантастика, фэнтези, боевик, приключения, семейный","Гари Труздейл, Кирк Уайз",7.8
Джуманджи,1995,США,"фэнтези, комедия, приключения, семейный",Джо Джонстон,7.9
Дело Коллини,2019,Германия,"детектив, драма, криминал, триллер",Марко Кройцпайнтнер,7.6
Зеленая книга,2018,"США, Китай","биография, комедия, драма",Питер Фаррелли,8.4
Унесённые призраками,2001,Япония,"аниме, мультфильм, фэнтези, приключения, семейный",Хаяо Миядзаки,8.5
Человек-паук: Через вселенные,2018,США,"мультфильм, фантастика, фэнтези, боевик, комедия, приключения, семейный","Боб Персичетти, Питер Рэмзи, Родни Ротман",8.1
Игры разума,2001,США,"драма, биография, мелодрама",Рон Ховард,8.5
Криминальное чтиво,1994,США,"криминал, драма",Квентин Тарантино,8.6
Не дыши,2015,"США, Венгрия","триллер, криминал",Федерико Альварес,6.6
День курка,2019,США,"фантастика, боевик",Джо Карнахан,7.1
Дюнкерк,2017,"Великобритания, Нидерланды, Франция, США","военный, драма, история",Кристофер Нолан,7.3
Крупная рыба,2003,США,"фэнтези, драма, мелодрама, приключения",Тим Бёртон,7.9
Мистер Нокаут,2022,Россия,"спорт, драма",Артём Михалков,7.7
Еще по одной,2020,"Дания, Швеция, Нидерланды","драма, комедия",Томас Винтерберг,7.5
Лулу и Бриггс,2021,США,"комедия, драма, приключения","Рид Каролин, Ченнинг Татум",6.6
Хардкор,2016,"Россия, США","боевик, фантастика",Илья Найшуллер,7.1
Ледниковый период,2002,США,"мультфильм, комедия, приключения, семейный","Крис Уэдж, Карлос Салдана",8.0
Между небом и землей,2022,США,"фантастика, драма, мелодрама",Арье Позин,6.3
Таксист,2017,Корея Южная,"история, драма, биография",Чан Хун,8.1
Послезавтра,2004,США,"фантастика, триллер, драма, приключения",Роланд Эммерих,7.7
Основатель,2016,"США, Греция","биография, драма",Джон Ли Хэнкок,7.5
Дора и Затерянный город,2019,"США, Мексика, Австралия","комедия, детектив, приключения, семейный",Джеймс Бобин,6.4
Малышка на миллион,2004,США,"драма, спорт",Клинт Иствуд,8.1
Halo 4: Идущий к рассвету,2012,США,"фантастика, боевик, триллер, приключения, семейный, военный",Стюарт Хендлер,6.7
Сталкер,1979,СССР,"фантастика, драма, детектив, приключения",Андрей Тарковский,8.1
Темные воды,2019,США,"триллер, драма, биография, история",Тодд Хейнс,7.7
Чёрная Пантера,2018,США,"фантастика, боевик, приключения",Райан Куглер,6.5
Шерлок Холмс,2009,"США, Германия, Великобритания, Австралия","боевик, приключения, триллер, драма, комедия, криминал, детектив",Гай Ричи,8.1
Дневники няни,2007,США,"драма, мелодрама, комедия","Шари Спрингер Берман, Роберт Пульчини",6.9
Терминатор 2: Судный день,1991,США,"фантастика, боевик, триллер",Джеймс Кэмерон,8.3
Веном 2,2021,США,"фантастика, боевик, ужасы",Энди Серкис,6.1
Брат 2,2000,"Россия, США","боевик, криминал",Алексей Балабанов,8.1
"Хороший, плохой, злой",1966,"Италия, Испания, Германия (ФРГ)","приключения, вестерн",Серджио Леоне,8.5
Жизнь прекрасна,1997,Италия,"военный, комедия, драма, мелодрама",Роберто Бениньи,8.6
Мемуары гейши,2005,"Франция, Япония, США","драма, мелодрама",Роб Маршалл,8.0
Дьявол носит Prada,2006,"США, Франция","драма, комедия",Дэвид Фрэнкел,7.6
Чёрная Вдова,2021,США,"фантастика, боевик, приключения",Кейт Шортланд,6.2
Мажоры на мели,2021,Франция,комедия,Николя Кюш,6.4
Хоббит: Битва пяти воинств,2014,"Новая Зеландия, США","фэнтези, приключения, боевик",Питер Джексон,7.8
Ип Ман,2008,"Гонконг, Китай","биография, боевик, драма",Уилсон Ип,8.2
Отряд самоубийц,2016,США,"фантастика, боевик, фэнтези, приключения",Дэвид Эйр,6.1
Пираты Карибского моря: Проклятие Черной жемчужины,2003,США,"фэнтези, боевик, приключения",Гор Вербински,8.3
Балканский рубеж,2019,"Россия, Сербия","боевик, военный, драма, история",Андрей Волгин,7.5
Кощей. Начало,2021,Россия,"мультфильм, семейный, приключения, фэнтези",Андрей Колпин,7.4
Прибытие,2016,"США, Канада","фантастика, драма",Дени Вильнёв,7.6
Мир Юрского периода: Господство,2022,США,"фантастика, боевик, триллер, приключения",Колин Треворроу,94%
Удовольствие,2021,"Швеция, Нидерланды, Франция",драма,Нинья Тюберг,5.6
Бэтмен,1989,"США, Великобритания","фантастика, боевик, триллер, криминал",Тим Бёртон,7.5
Воспоминания об убийстве,2003,Корея Южная,"детектив, криминал, драма, триллер",Пон Джун-хо,7.7
Матрица: Воскрешение,2021,США,"фантастика, боевик",Лана Вачовски,5.8
Дом на глубине,2021,"Франция, Бельгия",ужасы,"Александр Бустильо, Жюльен Мори",5.6
Ремонт малых двигателей,2021,США,"триллер, драма, комедия",Джон Поллоно,6.3
Красота по-американски,1999,США,драма,Сэм Мендес,8.0
Поверьте мне. Похищение Лизы МакВей (ТВ,2018,Канада,"драма, криминал, биография",Джим Донован,7.1
Опасная вечеринка,2021,Великобритания,"ужасы, драма",Рут Пэкстон,4.7
Прятки,2019,США,"триллер, ужасы",Джоэль Мур,4.8
Борат,2006,США,комедия,Ларри Чарльз,6.7
Это — Англия,2006,Великобритания,"драма, криминал",Шэйн Медоуз,7.5
Пандорум,2009,"Великобритания, Германия","ужасы, фантастика, боевик, триллер, детектив",Кристиан Альварт,7.1
Форсаж 8,2017,"США, Китай, Япония","боевик, криминал, приключения",Ф. Гэри Грей,6.2
Брат,1997,Россия,"драма, криминал, боевик",Алексей Балабанов,8.3
Дом на другой стороне,2020,"Великобритания, США","ужасы, детектив",Дэвид Брукнер,6.0
Красная ракета,2021,США,"драма, комедия",Шон Бэйкер,6.7
Бойцовский клуб,1999,"США, Германия","триллер, драма, криминал",Дэвид Финчер,8.6
Магическая битва 0. Фильм,2021,Япония,"аниме, мультфильм, боевик, фэнтези",Пак Сон-ху,–
Кто я,2014,Германия,"фантастика, триллер, драма, криминал, детектив",Баран бо Одар,7.4
Человек из стали,2013,"США, Великобритания","фантастика, боевик, приключения",Зак Снайдер,6.9
Титаник,1997,"США, Мексика, Австралия","мелодрама, история, триллер, драма",Джеймс Кэмерон,8.4
Ведьма,2015,"Канада, США, Великобритания",ужасы,Роберт Эггерс,6.6
Ходячий замок,2004,Япония,"аниме, мультфильм, фэнтези, мелодрама, приключения",Хаяо Миядзаки,8.3
Мой любимый враг,2021,США,"мелодрама, комедия",Питер Хатчингс,6.9
Довод,2020,"Великобритания, США","фантастика, боевик, триллер",Кристофер Нолан,7.5
Бессмертные,2021,Россия,драма,Тигран Кеосаян,6.8
Папы,2021,Россия,"драма, комедия, семейный","Анна Матисон, Карен Оганесян, Сергей Юдаков, ...",6.3
Хищные птицы: Потрясающая история Харли Квинн,2020,США,"боевик, криминал, комедия",Кэти Янь,5.9
Мост в Терабитию,2006,США,"фэнтези, драма, приключения, семейный",Габор Чупо,7.8
Камуфляж и шпионаж,2019,США,"мультфильм, фантастика, фэнтези, боевик, триллер, комедия, приключения, семейный","Ник Бруно, Трой Квон",7.3
Укрощение строптивого,1980,Италия,"мелодрама, комедия","Франко Кастеллано, Джузеппе Моччиа",8.4
Чтец,2008,"США, Германия","драма, мелодрама",Стивен Долдри,7.9
Голая правда,2009,США,"мелодрама, комедия",Роберт Лукетич,7.6
Короче,2017,"США, Норвегия","фантастика, фэнтези, драма",Александр Пэйн,5.7
Дивергент,2014,США,"фантастика, детектив, боевик, мелодрама",Нил Бёргер,6.7
Охотники за привидениями: Наследники,2021,"США, Канада","фантастика, комедия, боевик, фэнтези",Джейсон Райтман,7.0
Ранго,2011,"США, Канада","мультфильм, драма, комедия, приключения, семейный, вестерн",Гор Вербински,7.2
Загадочная история Бенджамина Баттона,2008,США,"драма, фэнтези",Дэвид Финчер,8.1
Темный рыцарь: Возрождение легенды,2012,"Великобритания, США","фантастика, боевик, триллер, драма, криминал",Кристофер Нолан,8.1
Хочу замуж,2022,Россия,"комедия, мелодрама",Соня Карпунина,6.0
Новый Человек-паук: Высокое напряжение,2014,США,"фантастика, боевик, приключения",Марк Уэбб,6.7
Аквамен,2018,"США, Австралия","фантастика, фэнтези, боевик, приключения",Джеймс Ван,6.8
Побег из Шоушенка,1994,США,драма,Фрэнк Дарабонт,9.1
Константин: Повелитель тьмы,2005,"США, Германия","фэнтези, ужасы, боевик, детектив",Френсис Лоуренс,7.8
Король Лев,1994,США,"мультфильм, мюзикл, драма, приключения, семейный","Роджер Аллерс, Роб Минкофф",8.8
Многоэтажка,2022,Россия,"триллер, драма",Антон Маслов,7.0
День слепого Валентина,2022,Россия,"комедия, мелодрама",Александр Баршак,6.2
Пласт,2022,Россия,"драма, криминал",Станислав Сапачёв,5.9
Леди Баг и Супер-Кот: Пробуждение,2022,"США, Франция, Япония","мультфильм, мюзикл, фэнтези, боевик, мелодрама, комедия, приключения, семейный, детский",Джереми Заг,99%
Дитя человеческое,2006,"США, Великобритания, Япония","фантастика, боевик, триллер",Альфонсо Куарон,7.4
Клаус,2019,"Испания, Великобритания, США","мультфильм, семейный, комедия, приключения","Серхио Паблос, Карлос Мартинес Лопес",8.6
Мальчик-дельфин,2021,Россия,"мультфильм, приключения, фэнтези, комедия","Андрей Гоглев, Мохаммад Хейрандиш",4.7
Адский небоскреб,2001,Франция,комедия,Шарль Немес,6.2
Старикам тут не место,2007,США,"триллер, драма, криминал, вестерн","Итан Коэн, Джоэл Коэн",7.8
Милые кости,2009,"США, Великобритания, Новая Зеландия","фэнтези, триллер, драма, криминал, детектив",Питер Джексон,7.1
Люди Икс,2000,США,"фантастика, боевик, приключения",Брайан Сингер,7.7
Плохие парни навсегда,2020,"США, Мексика","боевик, триллер, комедия, криминал","Адиль Эль Арби, Билал Фалла",6.6
LOL [ржунимагу],2008,Франция,"мелодрама, комедия",Лиза Азуэлос,7.0
Девушка в подвале,2021,США,"ужасы, триллер, драма, криминал",Элизабет Рём,6.2
Дом у озера,2006,США,"фэнтези, драма, мелодрама",Алехандро Агрести,7.8
В роли Рикардо,2021,США,"драма, биография",Аарон Соркин,6.7
Митчеллы против машин,2020,"США, Гонконг","мультфильм, фантастика, комедия, приключения, семейный","Майкл Рианда, Джефф Роу",7.7
Искусственный разум,2001,"США, Великобритания","фантастика, драма",Стивен Спилберг,7.9
Вперёд,2019,США,"мультфильм, фэнтези, комедия, приключения, семейный",Дэн Скэнлон,7.8
Корпорация монстров,2001,США,"мультфильм, фэнтези, комедия, приключения, семейный","Пит Доктер, Дэвид Силверман, Ли Анкрич",8.1
Перелом,2019,США,"триллер, детектив",Брэд Андерсон,6.5
Мальчик в полосатой пижаме,2008,"Великобритания, США","драма, военный, история",Марк Херман,8.2
Реквием по мечте,2000,США,драма,Даррен Аронофски,8.0
Быстрее пули,2022,США,"боевик, триллер",Дэвид Литч,100%
Крик,1996,США,"ужасы, триллер, детектив",Уэс Крэйвен,7.3
Мулан,1998,США,"мультфильм, мюзикл, фэнтези, комедия, приключения, семейный, военный","Тони Бэнкрофт, Бэрри Кук",8.1
"Хроники Нарнии: Лев, колдунья и волшебный шкаф",2005,"Великобритания, США","фэнтези, приключения, семейный",Эндрю Адамсон,7.3
Казино Рояль,2006,"Великобритания, Чехия, США, Германия, Багамы","боевик, триллер, приключения",Мартин Кэмпбелл,7.8
Тачки,2006,США,"мультфильм, комедия, приключения, семейный, спорт","Джон Лассетер, Джо Рэнфт",7.5
Параллельные матери,2021,"Испания, Франция","драма, мелодрама",Педро Альмодовар,7.1
Райя и последний дракон,2021,США,"мультфильм, фэнтези, боевик, драма, комедия, приключения, семейный","Дон Холл, Карлос Лопес Эстрада, Пол Бриггс, ...",8.1
Схватка,1995,США,"боевик, драма, криминал",Майкл Манн,8.0
365 дней,2020,Польша,мелодрама,"Барбара Бяловас, Томаш Мандес",5.1
Пираты Карибского моря: Сундук мертвеца,2006,США,"фэнтези, боевик, приключения",Гор Вербински,8.1
Брюс Всемогущий,2003,США,"фэнтези, комедия, драма",Том Шэдьяк,7.7
Незнакомая дочь,2020,"США, Греция",драма,Мэгги Джилленхол,6.7
Королевство полной луны,2012,США,"семейный, комедия, драма, мелодрама",Уэс Андерсон,7.6
Скрежет,2022,"Финляндия, Швеция",ужасы,Ханна Бергхольм,6.0
Купе номер 6,2021,"Финляндия, Эстония, Россия, Германия","драма, мелодрама",Юхо Куосманен,6.8
Аферист из Tinder,2022,Великобритания,"документальный, криминал",Фелисити Моррис,7.1
Кими,2022,США,"триллер, драма, криминал",Стивен Содерберг,6.1
Джентльмены,2019,"Великобритания, США","криминал, комедия, боевик",Гай Ричи,8.5
Нормальный только я,2021,Россия,комедия,Антон Богданов,6.5
Прочь,2017,"США, Япония","ужасы, триллер, детектив",Джордан Пил,7.1
Громкое дело,2021,Нидерланды,"драма, криминал, биография",Сандер Бюргер,6.5
Дюна,2021,"США, Канада, Венгрия","фантастика, боевик, драма, приключения",Дени Вильнёв,7.7
Не отпускай,2019,США,"триллер, детектив, фантастика, криминал",Джейкоб Аарон Эстес,6.5
Запах женщины,1992,США,драма,Мартин Брест,8.4
Истребитель демонов: Поезд «Бесконечный»,2020,Япония,"аниме, мультфильм, боевик, фэнтези",Харуо Сотодзаки,7.8
Диктатор,2012,США,комедия,Ларри Чарльз,6.5
Земля кочевников,2020,"США, Германия",драма,Хлоя Чжао,7.3
Доктор Лиза,2020,Россия,"драма, биография",Оксана Карас,8.2
Мы — Миллеры,2013,"США, Великобритания","комедия, криминал",Роусон Маршалл Тёрбер,7.3
Лига справедливости,2017,"США, Канада, Великобритания","фантастика, боевик, фэнтези",Зак Снайдер,6.1
Линкольн для адвоката,2011,США,"криминал, триллер, драма, детектив",Брэд Фурман,7.8
По соображениям совести,2016,"Австралия, США","драма, военный, биография, история",Мэл Гибсон,8.1
Анна,2019,"Франция, США, Канада, Россия","боевик, триллер",Люк Бессон,6.1
Неисправимый Рон,2021,"США, Великобритания","мультфильм, фантастика, комедия, приключения, семейный","Сара Смит, Жан-Филипп Вине, Октавио Е. Родригес",7.6
Звездный путь,2009,"США, Германия","фантастика, боевик, приключения",Джей Джей Абрамс,7.7
Заклятие,2013,США,"ужасы, детектив",Джеймс Ван,7.4
Богемская рапсодия,2018,"Великобритания, США","биография, музыка, драма",Брайан Сингер,8.0
Воображариум доктора Парнаса,2009,"Великобритания, Франция, Канада","фэнтези, приключения, комедия, детектив",Терри Гиллиам,7.0
Flashback (ТВ,2021,Франция,"фантастика, комедия",Каролин Виньо,–
Невероятный мир глазами Энцо,2019,США,"драма, мелодрама, комедия, спорт, семейный",Саймон Кёртис,8.1
Кролик Джоджо,2019,"Новая Зеландия, Чехия, США","комедия, военный, история, драма",Тайка Вайтити,7.9
Враг государства,1998,США,"боевик, триллер",Тони Скотт,7.8
Миньоны: Грювитация,2022,США,"мультфильм, фантастика, комедия, криминал, приключения, семейный","Кайл Балда, Брэд Эблесон, Джонатан дель Валь",92%
Великий Гэтсби,2013,"Австралия, США","драма, мелодрама",Баз Лурман,7.9
Бумер,2003,Россия,"драма, криминал",Пётр Буслов,7.0
Смерть на Ниле,1978,Великобритания,"драма, криминал, детектив",Джон Гиллермин,7.6
Страх и ненависть в Лас-Вегасе,1998,США,"драма, комедия",Терри Гиллиам,7.6
Выживут только любовники,2013,"Великобритания, Германия, Греция, Франция","фэнтези, триллер, драма",Джим Джармуш,7.4
Монстры на каникулах,2012,США,"мультфильм, фэнтези, комедия, семейный",Генндий Тартаковский,7.6
Чудо-женщина: 1984,2020,"США, Великобритания, Испания","фэнтези, боевик, приключения, фантастика",Пэтти Дженкинс,6.1
Аллея кошмаров,2021,"США, Мексика, Канада","триллер, драма, криминал",Гильермо дель Торо,7.1
Мстители,2012,США,"фантастика, боевик, фэнтези, приключения",Джосс Уидон,7.9
Код Да Винчи,2006,"США, Мальта, Франция, Великобритания","триллер, детектив",Рон Ховард,7.3
Ворон,1994,США,"фэнтези, боевик, драма",Алекс Пройас,7.9
Зависнуть в Палм-Спрингс,2020,"США, Гонконг","комедия, мелодрама, фантастика",Макс Барбаков,7.3
Огонь,2020,Россия,"драма, боевик",Алексей Нужный,7.7
Мне бы в небо,2009,США,"драма, мелодрама, комедия",Джейсон Райтман,7.3
Призрачная шестёрка,2019,США,боевик,Майкл Бэй,6.1
Легенда,2015,"Великобритания, Франция, США","криминал, триллер, драма",Брайан Хелгеленд,7.2
Вторая жизнь Уве,2015,Швеция,"драма, мелодрама, комедия",Ханнес Холм,8.0
Виновный,2021,США,"триллер, криминал",Антуан Фукуа,6.5
Девушка в поезде,2016,США,"триллер, детектив, драма, криминал",Тейт Тейлор,6.6
Хранители,2009,США,"фантастика, боевик, драма, детектив",Зак Снайдер,7.6
Дедушка легкого поведения,2015,"США, Великобритания",комедия,Дэн Мазер,6.1
Иллюзия обмана,2013,"США, Франция","криминал, триллер, детектив",Луи Летерье,7.7
Звездная пыль,2007,"Великобритания, США","фэнтези, мелодрама, приключения, семейный",Мэттью Вон,7.7
Унесённые ветром,1939,США,"мелодрама, история, драма, военный","Виктор Флеминг, Джордж Кьюкор, Сэм Вуд",8.4
Соник в кино,2020,"США, Япония, Канада","боевик, комедия, фантастика, приключения",Джефф Фаулер,6.6
В центре внимания,2015,США,"драма, криминал, биография",Том Маккарти,7.5
Веном,2018,"США, Китай","фантастика, боевик, триллер, ужасы",Рубен Фляйшер,6.9
Семейство Белье,2014,"Франция, Бельгия","драма, комедия, музыка",Эрик Лартиго,7.2
Мавка. Лесная песня,2022,Украина,"мультфильм, фэнтези, комедия","Александра Рубан, Олег Маламуж",97%
Шрэк 5,2022,США,"мультфильм, фэнтези, комедия, приключения, семейный",,98%
Убить Билла,2003,"США, Япония","боевик, триллер, драма, криминал",Квентин Тарантино,7.6
Лука,2021,США,"мультфильм, фэнтези, комедия, приключения, семейный",Энрико Касароса,7.8
Королевская битва,2000,Япония,"боевик, триллер, фантастика, драма",Киндзи Фукасаку,7.5
Пятьдесят оттенков свободы,2018,США,"триллер, драма, мелодрама",Джеймс Фоули,5.4
Рассвет мертвецов,2004,"США, Канада, Япония, Франция","ужасы, боевик",Зак Снайдер,7.3
Меч дракона,2015,"Китай, Гонконг","фэнтези, боевик, драма, история",Дэниэл Ли,6.6
Достать ножи,2019,США,"детектив, комедия, драма, криминал",Райан Джонсон,8.0
Гонка со временем,2021,США,триллер,Филлип Нойс,5.4
Никто,2021,"США, Япония","боевик, триллер, криминал",Илья Найшуллер,7.4
Ключ от всех дверей,2005,"США, Германия","ужасы, триллер, драма, детектив",Иэн Софтли,7.4
Легенда о волках,2020,"Ирландия, Люксембург, Франция, США, Великобритания","мультфильм, фэнтези, приключения, семейный","Томм Мур, Росс Стюарт",8.2
Матрица,1999,"США, Австралия","фантастика, боевик","Лана Вачовски, Лилли Вачовски",8.5
В тихом омуте,2019,США,"триллер, криминал, детектив, драма",Адам Рэндолл,6.8
Падение Луны,2022,"США, Китай, Канада","фантастика, боевик",Роланд Эммерих,5.4
King’s Man: Начало,2021,"Великобритания, США","боевик, триллер, приключения",Мэттью Вон,5.9
Доктор Стрэндж,2016,США,"фантастика, фэнтези, боевик, приключения",Скотт Дерриксон,7.5
Месть от кутюр,2015,Австралия,"драма, комедия",Джослин Мурхаус,7.3
Моана,2016,США,"мультфильм, мюзикл, фэнтези, комедия, приключения, семейный","Рон Клементс, Джон Маскер, Дон Холл, ...",7.7
Джек Ричер,2012,США,"боевик, триллер, детектив, криминал",Кристофер МакКуорри,7.2
Алиса в Стране чудес,2010,"США, Великобритания","фэнтези, детектив, приключения, семейный",Тим Бёртон,7.1
Манк,2020,США,"биография, драма",Дэвид Финчер,7.1
Охотники за разумом,2004,"США, Великобритания, Нидерланды, Финляндия","ужасы, триллер, криминал",Ренни Харлин,7.5
Звёздные войны: Эпизод 4 — Новая надежда,1977,"США, Великобритания","фантастика, боевик, фэнтези, приключения",Джордж Лукас,8.1
Безумное кино для взрослых,2021,"Румыния, Люксембург, Чехия, Хорватия, Швейцария, Великобритания","драма, комедия",Раду Жуде,6.0
Король Англии,2019,"Великобритания, Венгрия, США, Австралия","биография, драма, военный, история",Дэвид Мишо,7.1
CODA: Ребенок глухих родителей,2020,"Франция, Канада, США","драма, комедия, музыка",Шан Хейдер,8.0
Армия мертвецов,2021,США,"ужасы, драма, боевик",Зак Снайдер,5.9
Золушка и тайна волшебного камня,2021,США,мультфильм,Элис Блехарт,–
Бёрдмэн,2014,США,"драма, комедия",Алехандро Гонсалес Иньярриту,7.6
Зверопой 2,2021,"США, Япония","мультфильм, мюзикл, комедия, приключения, семейный",Гарт Дженнингс,8.0
Рыцари справедливости,2020,"Дания, Швеция, Финляндия","драма, комедия, боевик, криминал",Андерс Томас Йенсен,7.4
Люди Икс: Начало. Росомаха,2009,"США, Великобритания","фантастика, боевик",Гэвин Худ,7.4
Голодные игры,2012,США,"фантастика, боевик, триллер, приключения",Гэри Росс,7.3
Шрэк 2,2004,США,"мультфильм, фэнтези, мелодрама, комедия, приключения, семейный","Эндрю Адамсон, Келли Эсбёри, Конрад Вернон",7.7
Пролетая над гнездом кукушки,1975,США,драма,Милош Форман,8.5
Дождливый день в Нью-Йорке,2019,США,"мелодрама, комедия",Вуди Аллен,7.2
Особое мнение,2002,США,"фантастика, боевик, триллер, криминал, детектив",Стивен Спилберг,7.7
Гарри Поттер 20 лет спустя: Возвращение в Хогвартс,2022,"Великобритания, США","документальный, семейный","Кэйси Паттерсон, Джо Перлман, Эрен Криви, ...",8.1
С широко закрытыми глазами,1999,"США, Великобритания","триллер, драма, детектив",Стэнли Кубрик,7.5
Гарри Поттер и Дары Смерти: Часть I,2010,"Великобритания, США","фэнтези, приключения",Дэвид Йейтс,7.9
Поезд в Пусан,2016,Корея Южная,"ужасы, боевик",Ён Сан-хо,7.1
Кто-нибудь видел мою девчонку?,2020,Россия,драма,Ангелина Никонова,6.6
Трансфигурация,2016,США,"ужасы, драма",Майкл О’Ши,5.6
Король Артур,2004,"США, Великобритания, Ирландия","боевик, драма, приключения, военный, история",Антуан Фукуа,7.1
Кровавый алмаз,2006,"США, Германия","триллер, драма, приключения",Эдвард Цвик,7.8
Маска,1994,США,"комедия, фэнтези, криминал",Чак Рассел,8.0
Последний богатырь: Посланник Тьмы,2021,Россия,"приключения, комедия, фэнтези",Дмитрий Дьяченко,6.6
Четыре комнаты,1995,США,комедия,"Эллисон Андерс, Александр Рокуэлл, Роберт Родригес, ...",7.7
Между небом и землей,2005,США,"фэнтези, драма, мелодрама, комедия",Марк Уотерс,7.6
Волшебный дракон,2021,"Китай, США, Гонконг","мультфильм, фэнтези, мелодрама, комедия, приключения, семейный",Крис Аппельханс,7.5
мама!,2017,США,"ужасы, драма, триллер",Даррен Аронофски,7.1
Назад в будущее,1985,США,"фантастика, комедия, приключения",Роберт Земекис,8.6
Под покровом ночи,2016,США,"триллер, драма",Том Форд,7.3
Властелин колец: Возвращение короля,2003,"Новая Зеландия, США","фэнтези, приключения, драма",Питер Джексон,8.6
Агенты А.Н.К.Л.,2015,"США, Великобритания","боевик, комедия, приключения",Гай Ричи,7.5
Куда приводят мечты,1998,"США, Новая Зеландия","фэнтези, драма, мелодрама",Винсент Уорд,7.9
Геошторм,2017,США,"фантастика, боевик, триллер",Дин Девлин,5.8
Опасная игра Слоун,2016,"США, Франция","драма, криминал",Джон Мэдден,7.7
Обитель зла: Раккун-Сити,2021,"Канада, Германия","ужасы, боевик, фантастика",Йоханнес Робертс,5.4
Наркокурьер,2018,"США, Канада","триллер, драма, криминал",Клинт Иствуд,7.2
Армагеддон,1998,США,"фантастика, приключения, боевик, триллер",Майкл Бэй,7.8
Гонка,2013,"Великобритания, Германия, США","спорт, драма, биография",Рон Ховард,8.1
Бэтмен против Супермена: На заре справедливости,2016,США,"фантастика, боевик, фэнтези, приключения",Зак Снайдер,6.8
Новый Человек-паук,2012,США,"фантастика, боевик, приключения",Марк Уэбб,6.9
Форсаж 9,2021,США,"боевик, криминал, приключения",Джастин Лин,5.6
"Карты, деньги, два ствола",1998,Великобритания,"боевик, комедия, криминал",Гай Ричи,8.6
Меч короля Артура,2017,"Великобритания, США, Австралия","фэнтези, боевик, драма, приключения",Гай Ричи,7.2
Отступники,2006,"США, Гонконг","триллер, драма, криминал",Мартин Скорсезе,8.5
Злое,2021,США,"ужасы, детектив",Джеймс Ван,6.3
Песнь моря,2014,"Ирландия, Дания, Бельгия, Франция","мультфильм, фэнтези, драма, приключения, семейный",Томм Мур,8.1
Отель «Гранд Будапешт»,2014,"США, Германия","комедия, приключения, детектив, криминал",Уэс Андерсон,7.9
Другие,2001,"Испания, США, Франция, Италия","ужасы, триллер, детектив",Алехандро Аменабар,7.9
Хинтерленд: город грехов,2021,"Австрия, Люксембург","детектив, триллер, драма",Штефан Рузовицки,6.3
Казино,1995,"США, Франция","драма, криминал",Мартин Скорсезе,8.1
Сайлент Хилл,2006,"Канада, Франция, Япония, США","ужасы, детектив",Кристоф Ганс,7.2
Эквилибриум,2002,США,"фантастика, боевик, триллер, драма",Курт Уиммер,7.9
Орел и решка. Кино,2022,Россия,"комедия, приключения",Вазген Каграманян,4.7
Битва за Севастополь,2015,"Россия, Украина","военный, биография, драма, история, боевик",Сергей Мокрицкий,7.6
Время,2011,США,"фантастика, мелодрама, боевик",Эндрю Никкол,7.3
Фантастические твари: Преступления Грин-де-Вальда,2018,"Великобритания, США","фэнтези, приключения, семейный",Дэвид Йейтс,6.7
Жизнь других,2006,"Германия, Франция","триллер, драма, детектив",Флориан Хенкель фон Доннерсмарк,8.1
Код 8,2019,Канада,"фантастика, боевик, криминал",Джефф Чан,6.2
Поменяться местами,1983,США,комедия,Джон Лэндис,7.7
Виноваты звезды,2014,США,"драма, мелодрама",Джош Бун,7.8
Малхолланд Драйв,2001,"США, Франция","триллер, драма, детектив",Дэвид Линч,7.7
Ветер крепчает,2013,Япония,"аниме, мультфильм, драма, биография, история",Хаяо Миядзаки,7.9
В погоне за счастьем,2006,США,"драма, биография",Габриэле Муччино,8.3
Ледяной драйв,2021,"США, Канада","боевик, триллер",Джонатан Хенсли,6.9
Я краснею,2022,США,"мультфильм, фэнтези, комедия, приключения, семейный",Доми Ши,7.1
Изобретение лжи,2009,США,"фэнтези, драма, мелодрама, комедия","Рики Джервэйс, Мэттью Робинсон",6.7
Враг,2013,"Канада, Испания","триллер, драма, детектив",Дени Вильнёв,6.6
"Кто твоя бабушка, чувак?",2019,"Франция, Бельгия",комедия,Габриэль Жюльен-Лаферье,5.7
Игра,1997,США,"триллер, драма, детектив, приключения",Дэвид Финчер,8.3
Игра на понижение,2015,США,"драма, комедия, биография, история",Адам МакКей,7.3
Семь жизней,2008,США,"драма, мелодрама",Габриэле Муччино,8.2
Жмурки,2005,Россия,"триллер, комедия, криминал",Алексей Балабанов,7.2
Кролецып и Хомяк Тьмы,2022,"Бельгия, Франция","мультфильм, мелодрама, комедия, приключения, семейный","Бен Стассен, Бенжамен Муске",6.8
Зверопой,2016,"Франция, Япония, США","мультфильм, мюзикл, комедия, семейный","Гарт Дженнингс, Кристоф Лурделе",7.3
Кроваво-красное небо,2021,"Германия, США","ужасы, триллер, боевик",Петер Торварт,6.2
Свежатинка,2022,США,"триллер, комедия, ужасы",Мими Кейв,6.5
Невероятная жизнь Уолтера Митти,2013,"США, Великобритания","комедия, приключения, фэнтези, драма, мелодрама",Бен Стиллер,7.7
Ветреная река,2016,"Великобритания, Канада, США","детектив, криминал, триллер",Тейлор Шеридан,7.5
Кунг-фу Панда,2008,"США, Китай","мультфильм, фэнтези, боевик, драма, комедия, приключения, семейный","Марк Осборн, Джон Стивенсон",7.8
Правила съема: Метод Хитча,2005,США,"мелодрама, комедия",Энди Теннант,7.8
Социальная сеть,2010,США,"драма, биография",Дэвид Финчер,7.7
После. Глава 3,2021,"США, Болгария","драма, мелодрама",Кастиль Лэндон,5.3
Достучаться до небес,1997,Германия,"драма, комедия, криминал",Томас Ян,8.6
Гарри Поттер и узник Азкабана,2004,"Великобритания, США","фэнтези, приключения, семейный",Альфонсо Куарон,8.2
Машинист,2003,"Испания, Франция, Великобритания, США","триллер, драма",Брэд Андерсон,7.6
Человек-паук 3: Враг в отражении,2007,США,"фантастика, боевик, приключения",Сэм Рэйми,7.1
Она,2013,США,"мелодрама, фантастика, драма",Спайк Джонс,7.6
Расплата,2016,США,"боевик, триллер, драма, криминал",Гэвин О’Коннор,7.4
Кот в сапогах 2: Последнее желание,2022,США,"мультфильм, комедия, приключения","Джоэль Кроуфорд, Хануэль Меркадо",96%
Грейхаунд,2020,"США, Китай, Канада","военный, боевик, история",Аарон Шнайдер,7.0
Человек с Земли,2007,США,"фантастика, драма",Ричард Шенкман,7.8
Человек-паук: Вдали от дома,2019,США,"фантастика, боевик, приключения",Джон Уоттс,7.3
Энканто,2021,США,"мультфильм, мюзикл, фэнтези, комедия, семейный","Джаред Буш, Байрон Ховард, Чариз Кастро Смит",7.5
Шкаф,2020,Корея Южная,ужасы,Ким Гван-бин,5.8
Из моего окна,2022,Испания,"драма, мелодрама, комедия",Марсаль Форес,6.1
Человек-паук 2,2004,США,"фантастика, боевик, приключения",Сэм Рэйми,7.3
Каникулы,2015,США,"комедия, приключения","Джон Фрэнсис Дейли, Джонатан М. Голдштейн",6.5
Ловушка времени,2017,США,"фантастика, боевик, детектив, приключения","Марк Деннис, Бен Фостер",6.7
Гарри Поттер и Кубок огня,2005,"Великобритания, США","фэнтези, приключения, семейный",Майк Ньюэлл,7.9
Великий уравнитель,2014,США,"боевик, триллер, криминал",Антуан Фукуа,7.0
Гарри Поттер и философский камень,2001,"Великобритания, США","фэнтези, приключения, семейный",Крис Коламбус,8.2
Судья,2014,США,драма,Дэвид Добкин,7.9
Сияние,1980,"США, Великобритания","триллер, драма, ужасы, детектив",Стэнли Кубрик,7.8
Головоломка,2015,США,"мультфильм, семейный, комедия","Пит Доктер, Роналдо Дель Кармен",8.0
Пятый элемент,1997,"Франция, Великобритания, США","фантастика, боевик, комедия, мелодрама",Люк Бессон,8.1
Час истины,2020,США,"триллер, криминал, детектив",Питер Фачинелли,6.5
Бегущий по лезвию 2049,2017,"США, Великобритания, Канада, Венгрия, Испания, Мексика","фантастика, боевик, триллер, драма, детектив",Дени Вильнёв,7.7
Осада,2021,"Канада, США","боевик, триллер",Эдвард Дрэйк,4.3
Тайная одержимость,2019,США,триллер,Питер Салливан,5.3
Фантастические твари: Тайны Дамблдора,2022,"Великобритания, США","фэнтези, приключения, семейный",Дэвид Йейтс,6.2
Лучшее предложение,2012,Италия,"триллер, драма, криминал",Джузеппе Торнаторе,8.0
Поезд в Пусан 2: Полуостров,2020,Корея Южная,"ужасы, боевик",Ён Сан-хо,5.5
Пробуждение,1990,США,"драма, биография",Пенни Маршалл,8.4
Не оглядывайся,2009,"Франция, Италия, Люксембург, Бельгия","триллер, драма",Марина де Ван,6.4
Вики Кристина Барселона,2008,"Испания, США","драма, мелодрама, комедия",Вуди Аллен,7.2
Джокер,2019,"США, Канада","драма, криминал, триллер",Тодд Филлипс,8.0
Вивариум,2019,"Ирландия, Бельгия, Дания","фантастика, драма",Лоркан Финнеган,6.1
Флирт с дьяволом,2021,"США, Германия, Швейцария",триллер,Луис Прието,5.2
Прислуга,2011,США,драма,Тейт Тейлор,8.2
Гнев человеческий,2021,"Великобритания, США","боевик, триллер",Гай Ричи,7.6
Зеленая миля,1999,США,"драма, криминал",Фрэнк Дарабонт,9.1
Финч,2021,США,"фантастика, драма",Мигель Сапочник,7.2
Эта дурацкая любовь,2011,США,"мелодрама, комедия","Гленн Фикарра, Джон Рекуа",7.6
Муви 43,2013,США,комедия,"Стивен Брилл, Питер Фаррелли, Элизабет Бэнкс, ...",5.0
Убойные каникулы,2010,Канада,"ужасы, комедия",Илай Крэйг,7.6
Анчартед: На картах не значится,2022,"США, Испания","боевик, приключения",Рубен Фляйшер,7.0
Семь психопатов,2012,"Великобритания, США","комедия, криминал",Мартин МакДона,7.3
Экипаж,2016,Россия,"драма, триллер, приключения",Николай Лебедев,7.6
Мортал Комбат,2021,США,"боевик, фэнтези, фантастика",Саймон Маккуойд,6.2
Родители строгого режима,2022,Россия,комедия,Никита Владимиров,93%
Банкир,2019,США,"биография, драма",Джордж Нолфи,7.2
Маяк,2019,"Канада, США, Бразилия","ужасы, фэнтези, драма",Роберт Эггерс,7.1
Вселенная Стивена Хокинга,2014,"Великобритания, Япония","биография, мелодрама, драма",Джеймс Марш,7.9
Плохие парни,1995,США,"боевик, комедия, триллер, криминал",Майкл Бэй,7.7
Ампир V,2022,Россия,"фэнтези, драма",Виктор Гинзбург,93%
Центурион,2009,"Великобритания, Франция, США","боевик, триллер, драма, приключения, военный, история",Нил Маршалл,6.6
Дом Gucci,2021,"США, Канада","биография, драма, криминал, триллер",Ридли Скотт,7.1
Престиж,2006,"Великобритания, США","триллер, фантастика, драма, детектив",Кристофер Нолан,8.5
Дэдпул 2,2018,"США, Канада","фантастика, боевик, комедия, приключения",Дэвид Литч,7.4
Простая просьба,2018,"США, Канада","триллер, комедия, криминал, детектив",Пол Фиг,6.8
Рок-н-рольщик,2008,"Великобритания, США","криминал, боевик, триллер",Гай Ричи,7.8
Доктор Свисток,2022,Россия,комедия,Ара Оганесян,1.5
Пылающее море,2021,Норвегия,"боевик, триллер",Йон Андреас Андерсен,6.7
"Те, кто желает мне смерти",2021,"Канада, США","боевик, триллер, драма, криминал",Тейлор Шеридан,5.9
Не смотрите наверх,2021,США,"драма, фантастика, комедия",Адам МакКей,7.5
Идиократия,2005,США,"фантастика, комедия, приключения",Майк Джадж,6.6
Останься,2005,США,"триллер, драма, детектив",Марк Форстер,7.2
Гордость и предубеждение,2005,"Великобритания, Франция, США","драма, мелодрама",Джо Райт,8.0
Однажды в Америке,1983,"Италия, США","драма, криминал",Серджио Леоне,8.3
Игра теней,2022,"Китай, Австралия, США","боевик, триллер",Марк Уильямс,5.2
Чемпион мира,2021,Россия,драма,Алексей Сидоров,6.9
Основной инстинкт,1992,"США, Франция","триллер, драма, детектив",Пол Верховен,7.7
Стекло,2019,"США, Китай","фантастика, триллер, драма",М. Найт Шьямалан,6.5
Крестный отец,1972,США,"драма, криминал",Фрэнсис Форд Коппола,8.7
Пираты Карибского моря: На странных берегах,2011,"США, Великобритания","приключения, боевик, фэнтези, комедия",Роб Маршалл,7.3
Такси,1998,Франция,"боевик, комедия, криминал",Жерар Пирес,7.9
Лес,2018,Россия,драма,Роман Жигалов,6.5
Чернобыль: Зона отчуждения. Финал,2019,Россия,"триллер, фантастика",Дмитрий Киселёв,5.9
Звёздный разум,2022,Россия,"фантастика, триллер",,4.7
Телохранитель жены киллера,2020,"Великобритания, США","боевик, комедия",Патрик Хьюз,6.1
Король Ричард,2021,США,"биография, спорт, драма",Рейнальдо Маркус Грин,7.6
Охотник на монстров,2020,"США, Китай, Германия, Япония","фэнтези, боевик, приключения",Пол У. С. Андерсон,5.8
Двадцать одно,2008,США,"триллер, драма, криминал, история",Роберт Лукетич,7.7
Неуязвимый,2000,США,"фантастика, триллер, драма, детектив",М. Найт Шьямалан,7.1
До встречи с тобой,2016,"Великобритания, США","драма, мелодрама",Теа Шэррок,7.2
Сказки на ночь,2008,США,"фантастика, фэнтези, мелодрама, комедия, приключения, семейный",Адам Шенкман,6.9
Укрась прощальное утро цветами обещания,2018,Япония,"аниме, мультфильм, драма, мелодрама, приключения, фэнтези",Мари Окада,7.9
Пиджак,2004,"США, Германия","триллер, фантастика, детектив, драма",Джон Мэйбери,7.8
Тик-так... БУМ!,2021,США,"мюзикл, драма, биография",Лин-Мануэль Миранда,7.9
X,2022,США,ужасы,Тай Уэст,–
Родные,2021,Россия,"комедия, драма",Илья Аксенов,6.4
Москва слезам не верит,1979,СССР,"мелодрама, драма, комедия",Владимир Меньшов,8.4
Звёздные войны: Эпизод 1 — Скрытая угроза,1999,США,"фантастика, фэнтези, боевик, приключения",Джордж Лукас,7.9
Искушение,2020,"Франция, Бельгия, Нидерланды","биография, драма, мелодрама, история",Пол Верховен,6.5
Ярость,2014,"США, Китай, Великобритания","боевик, драма, военный",Дэвид Эйр,7.4
Как приручить дракона,2010,США,"мультфильм, фэнтези, комедия, приключения, семейный","Дин ДеБлуа, Крис Сандерс",8.2
Солнцепек,2021,Россия,драма,"Максим Бриус, Михаил Вассербаум",–
Про уродов и людей,1998,Россия,"драма, комедия, история",Алексей Балабанов,7.1
Апокалипсис сегодня,1979,США,"военный, драма, история, боевик",Фрэнсис Форд Коппола,8.1
Синистер,2012,"США, Великобритания, Канада","ужасы, триллер, детектив",Скотт Дерриксон,6.6
Тихая ночь,2020,Великобритания,"драма, комедия, фантастика",Камилль Гриффин,6.0
Вверх,2009,США,"мультфильм, драма, комедия, приключения, семейный","Пит Доктер, Боб Питерсон",8.0
Привидение,1990,США,"мелодрама, фэнтези, триллер, драма",Джерри Цукер,8.2
Черный ящик,2021,Франция,"триллер, драма, детектив",Ян Гозлан,7.6
Дракула,2014,"США, Великобритания, Ирландия","ужасы, фэнтези, боевик, драма",Гари Шор,6.6
Карта совершенных мгновений,2021,США,"мелодрама, комедия, фэнтези",Йен Сэмюэлс,6.7
"Человек, который изменил всё",2011,США,"биография, спорт, драма",Беннетт Миллер,7.7
Счастливое число Слевина,2005,"США, Канада, Великобритания, Германия","триллер, драма, криминал",Пол Макгиган,8.1
Человек дождя,1988,США,драма,Барри Левинсон,8.2
Эйфель,2021,"Франция, Бельгия, Германия","драма, мелодрама, биография, история",Мартин Бурбулон,7.1
Скорая,2022,США,"боевик, триллер, драма, криминал",Майкл Бэй,6.6
В западне,2021,США,триллер,С.К. Дэйл,5.7
Звук металла,2019,"США, Бельгия","драма, музыка",Дариус Мардер,7.3
Полночь в Париже,2011,"США, Испания","фэнтези, мелодрама, комедия",Вуди Аллен,7.7
127 часов,2010,"Великобритания, США, Франция","триллер, биография, драма, приключения",Дэнни Бойл,7.7
Трасса 60,2001,"Канада, США","фантастика, фэнтези, драма, комедия, детектив, приключения",Боб Гейл,8.0
Джиа (ТВ,1998,США,"драма, мелодрама, биография",Майкл Кристофер,7.9
Комната,2015,"Канада, Ирландия, Великобритания, США","триллер, драма",Леонард Абрахамсон,7.7
Первому игроку приготовиться,2018,"США, Индия","фантастика, боевик, приключения",Стивен Спилберг,7.4
Братья,2009,США,"боевик, триллер, драма, военный",Джим Шеридан,7.4
Капитан Марвел,2019,"США, Австралия","фантастика, боевик, приключения","Анна Боден, Райан Флек",6.5
Сад изящных слов,2013,Япония,"аниме, мультфильм, мелодрама",Макото Синкай,7.8
Спасти рядового Райана,1998,США,"военный, драма",Стивен Спилберг,8.2
Дорога домой,2021,"Австралия, США","мультфильм, комедия, приключения, семейный","Гарри Криппс, Клэр Найт",6.8
Искупление,2007,"Великобритания, Франция, США","драма, мелодрама, детектив, военный",Джо Райт,8.0
"Девушка, подающая надежды",2020,"Великобритания, США","триллер, драма, криминал",Эмиральд Феннел,6.8
Утомленные солнцем,1994,"Россия, Франция","драма, военный, история",Никита Михалков,7.7
Худший человек на свете,2021,"Норвегия, Франция, Швеция, Дания","драма, мелодрама, комедия",Йоаким Триер,7.5
Дорога,2009,США,"драма, приключения",Джон Хиллкоут,7.2
Мадагаскар,2005,США,"мультфильм, комедия, приключения, семейный","Эрик Дарнелл, Том МакГрат",7.9
Свингеры,2021,"Россия, Латвия","комедия, мелодрама","Андрейс Экис , Дмитрий Фикс",6.3
Рука Бога,2021,"Италия, США",драма,Паоло Соррентино,7.6
Пикник у Висячей скалы,1975,Австралия,"драма, детектив",Питер Уир,7.5
Потеряшки и тайна волшебной пирамиды,2020,Италия,"мультфильм, комедия, приключения","Франческо Дафано, Лука Делла Гротта",–
Фантастическая четверка,2015,"США, Германия, Великобритания","фантастика, боевик, приключения","Джош Транк, Стивен Е. Ривкин",4.3
Фокус,2014,"США, Аргентина","драма, мелодрама, комедия, криминал","Гленн Фикарра, Джон Рекуа",7.1
Власть пса,2021,"Великобритания, Канада, Австралия, Новая Зеландия, США","драма, вестерн",Джейн Кэмпион,6.6
Суд над чикагской семеркой,2020,"США, Великобритания, Индия","триллер, биография, драма, история",Аарон Соркин,7.6
Таинственная река,2003,"США, Австралия","триллер, драма, криминал, детектив",Клинт Иствуд,7.8
Этот дом,2022,"Великобритания, США","мультфильм, драма, комедия, фэнтези","Палома Баэза, Эмма де Свааф, Ники Линдрот фон Бар, ...",7.3
Принцесса Мононоке,1997,Япония,"аниме, мультфильм, фэнтези, драма, приключения",Хаяо Миядзаки,8.2
Побег,2021,"Дания, Франция, Норвегия, Швеция, Нидерланды, Великобритания, США, Финляндия, Италия, Испания, Эстония, Словения","мультфильм, документальный, драма, биография",Йонас Поэр Расмуссен,7.1
Капернаум,2018,"Ливан, Франция, Кипр, Катар, Великобритания",драма,Надин Лабаки,8.1
5 сантиметров в секунду,2007,Япония,"аниме, мультфильм, драма, мелодрама",Макото Синкай,7.9
Американский психопат,2000,"США, Канада","драма, криминал, триллер",Мэри Хэррон,7.1
10 причин моей ненависти,1999,США,"драма, мелодрама, комедия",Джил Джангер,7.8
Левиафан,2014,Россия,"драма, криминал",Андрей Звягинцев,6.9
Дэдпул,2016,США,"фантастика, боевик, комедия, приключения",Тим Миллер,7.5
Галопом по Европе,2021,Испания,комедия,Фернандо Гарсиа-Руис Рубио,5.6
Звёздные войны: Пробуждение силы,2015,США,"фантастика, боевик, приключения",Джей Джей Абрамс,7.1
Взаперти,2020,"США, Канада","триллер, драма, детектив",Аниш Чаганти,6.8
Лицо со шрамом,1983,США,"драма, криминал",Брайан Де Пальма,8.2
Выжить,1992,"США, Канада","триллер, драма, приключения, история",Фрэнк Маршалл,7.7
Мстители: Война бесконечности,2018,США,"фантастика, боевик, приключения","Энтони Руссо, Джо Руссо",8.0
Стажёр,2015,США,"мелодрама, комедия",Нэнси Майерс,7.6
Американская история X,1998,США,драма,Тони Кэй,8.3
Птичий короб,2018,США,"ужасы, фантастика",Сюзанна Бир,6.8
Ведьмина служба доставки,1989,Япония,"аниме, мультфильм, фэнтези, комедия, приключения, семейный",Хаяо Миядзаки,8.1
Пленницы,2013,США,"триллер, драма, криминал, детектив",Дени Вильнёв,7.8
Петровы в гриппе,2020,"Россия, Франция, Швейцария, Германия","драма, фантастика",Кирилл Серебренников,6.9
Выстрел в пустоту,2015,США,"триллер, драма, криминал",Рик Роман Во,7.5
Прошлой ночью в Сохо,2021,Великобритания,"драма, триллер, ужасы",Эдгар Райт,6.7
Лабиринт Фавна,2006,"Мексика, Испания","фэнтези, драма, военный",Гильермо дель Торо,7.6
Обитель проклятых,2014,США,"триллер, драма",Брэд Андерсон,7.2
Служанка,2016,Корея Южная,"мелодрама, триллер, драма, история",Пак Чхан-ук,7.6
Поиск,2018,"США, Россия","детектив, триллер, драма",Аниш Чаганти,7.5
Мариуполис,2016,"Литва, Германия, Франция, Украина",документальный,Мантас Кведаравичюс,–
Изгой,2000,США,"драма, мелодрама, приключения",Роберт Земекис,8.3
"Дом, который построил Джек",2018,"Дания, Франция, Швеция, Германия, Бельгия, Тунис","триллер, драма, криминал, ужасы",Ларс фон Триер,7.0
Форрест Гамп,1994,США,"драма, комедия, мелодрама, история, военный",Роберт Земекис,8.9
Город призраков,2008,США,"фэнтези, драма, мелодрама, комедия",Дэвид Кепп,6.8
Идеальные незнакомцы,2015,Италия,"драма, комедия",Паоло Дженовезе,7.6
Чего хотят мужчины,2019,США,"фэнтези, мелодрама, комедия",Адам Шенкман,6.2
Майор Гром: Чумной Доктор. Расширенная версия,2021,Россия,"боевик, криминал, детектив, комедия",Олег Трофим,7.5
Работа без авторства,2018,"Германия, Италия","биография, драма, военный, мелодрама",Флориан Хенкель фон Доннерсмарк,8.0
Безумный Макс: Дорога ярости,2015,"Австралия, ЮАР","боевик, фантастика, приключения",Джордж Миллер,7.8
Властелин колец: Две крепости,2002,"Новая Зеландия, США","фэнтези, приключения, драма",Питер Джексон,8.6
Носители,2008,США,"фантастика, триллер, драма, приключения","Давид Пастор, Алекс Пастор",6.1
Преступный квест,2021,США,"триллер, боевик",Эдвард Дрэйк,3.9
Могила светлячков,1988,Япония,"аниме, мультфильм, драма, военный",Исао Такахата,8.2
Мгла,2007,США,"ужасы, триллер, фантастика",Фрэнк Дарабонт,7.6
От заката до рассвета,1995,"США, Мексика","ужасы, боевик, фэнтези, триллер, комедия, криминал",Роберт Родригес,7.8
Автостопом по галактике,2005,"Великобритания, США","фантастика, комедия, приключения",Гарт Дженнингс,7.1
Поступь хаоса,2021,"США, Канада, Гонконг, Люксембург","фантастика, фэнтези, боевик, приключения",Даг Лайман,6.5
Первый мститель: Другая война,2014,США,"фантастика, боевик, триллер, приключения","Энтони Руссо, Джо Руссо",7.3
Дурак,2014,Россия,драма,Юрий Быков,8.1
Красный призрак,2020,Россия,"триллер, военный, история",Андрей Богатырев,7.1
Омерзительная восьмерка,2015,США,"вестерн, криминал, триллер, драма, детектив",Квентин Тарантино,7.9
Зверополис,2016,США,"мультфильм, комедия, криминал, детектив, приключения, семейный","Байрон Ховард, Рич Мур, Джаред Буш",8.3
Ford против Ferrari,2019,США,"биография, спорт, драма, боевик",Джеймс Мэнголд,8.2
Дьяволик,2021,Италия,"боевик, триллер, криминал, детектив","Антонио Манетти, Марко Манетти",–
Грязь,2013,"Великобритания, Германия, Швеция, Бельгия, США","криминал, комедия, драма",Джон С. Бейрд,7.6
Реальная любовь,2003,"Великобритания, Франция, США","мелодрама, комедия, драма",Ричард Кёртис,7.9
Большой баг,2022,Франция,"комедия, фантастика",Жан-Пьер Жёне,5.8
Чернобыль,2020,Россия,"драма, история",Данила Козловский,4.9
Ледниковый период: Приключения Бака,2022,"США, Канада","мультфильм, комедия, приключения, семейный",Джон С. Донкин,4.9
Хороший год,2006,"США, Великобритания","драма, мелодрама, комедия",Ридли Скотт,7.7
Стрингер,2013,США,"триллер, драма, криминал",Дэн Гилрой,7.4
Волк и лев,2021,"Франция, Канада",семейный,Жиль де Мэтр,8.0
Из машины,2014,Великобритания,"фантастика, триллер, драма",Алекс Гарленд,7.1
Хэнкок,2008,США,"фантастика, боевик, драма, комедия",Питер Берг,7.4
Красное уведомление,2021,США,"боевик, комедия, криминал",Роусон Маршалл Тёрбер,6.5
Сумерки,2008,США,"фэнтези, драма, мелодрама",Кэтрин Хардвик,6.7
Мавританец,2020,"Великобритания, США","биография, драма, триллер",Кевин Макдональд,7.4
После прочтения сжечь,2008,"США, Великобритания, Франция","драма, комедия, криминал, триллер","Итан Коэн, Джоэл Коэн",6.9
Бэтмен: Начало,2005,"Великобритания, США","боевик, фантастика, приключения, драма",Кристофер Нолан,7.9
На игле,1995,Великобритания,"драма, криминал",Дэнни Бойл,7.9
Гравитация,2013,"США, Мексика, Великобритания","фантастика, боевик, триллер, драма",Альфонсо Куарон,7.5
Начало,2010,"США, Великобритания","фантастика, боевик, триллер, драма, детектив",Кристофер Нолан,8.7
Король говорит!,2010,"Великобритания, США","драма, биография, история",Том Хупер,8.0
«V» значит Вендетта,2006,"Великобритания, Германия","фантастика, боевик, триллер, драма",Джеймс МакТиг,7.8
Аватар,2009,"США, Великобритания","фантастика, боевик, драма, приключения",Джеймс Кэмерон,7.9
Сердце дракона,1996,США,"фэнтези, боевик, приключения",Роб Коэн,7.7
Непрощённая,2021,"Великобритания, Германия, США","драма, криминал",Нора Финшелдт,7.3
Проект «Адам»,2022,США,"фантастика, боевик, комедия, приключения",Шон Леви,6.5
Храброе сердце,1995,США,"история, биография, драма, военный",Мэл Гибсон,8.3
Хоббит: Нежданное путешествие,2012,"Новая Зеландия, США","фэнтези, приключения, боевик",Питер Джексон,8.1
Твоё имя,2016,Япония,"аниме, мультфильм, фэнтези, драма, мелодрама",Макото Синкай,8.4
Варяг,2022,США,"фэнтези, боевик, триллер, драма, приключения, история",Роберт Эггерс,98%
Философы: Урок выживания,2013,"США, Индонезия","драма, фэнтези, история",Джон Хаддлс,5.8
Джон Уик,2014,"США, Китай","боевик, триллер, криминал","Чад Стахелски, Дэвид Литч",6.9
Взвод,1986,"США, Великобритания","военный, история, драма",Оливер Стоун,8.0
Дикие истории,2014,"Аргентина, Испания, Франция, Великобритания","триллер, драма, комедия",Дамиан Сифрон,7.7
Последнее пришествие дьявола,2021,"Мексика, Венесуэла, США","ужасы, драма",Алехандро Идальго,5.2
Фантастическая четверка,2005,"США, Германия","фантастика, фэнтези, боевик, приключения",Тим Стори,6.7
Последний самурай,2003,"США, Новая Зеландия, Япония","боевик, драма",Эдвард Цвик,8.1
Лекарь: Ученик Авиценны,2013,Германия,"приключения, история, драма",Филипп Штёльцль,7.7
Игра в имитацию,2014,"Великобритания, США","триллер, драма, военный, биография",Мортен Тильдум,7.6
Сплит,2017,"США, Япония","триллер, ужасы",М. Найт Шьямалан,7.0
Парни под прикрытием,2022,"США, Пуэрто Рико","боевик, триллер",Марк Невелдайн,4.2
Иллюзия контроля,2021,"Великобритания, Украина, Германия","триллер, драма",Владэк Занковски,6.6
Подмена,2008,США,"триллер, драма, криминал, детектив, биография, история",Клинт Иствуд,7.9
Меняющие реальность,2011,США,"фантастика, триллер, мелодрама",Джордж Нолфи,7.4
Невидимый гость,2016,Испания,"триллер, драма, криминал, детектив",Ориол Паоло,7.8
Назови меня своим именем,2017,"Италия, Франция, США, Бразилия","драма, мелодрама",Лука Гуаданьино,7.5
Война будущего,2021,США,"фантастика, боевик",Крис МакКей,6.3
Семейка Аддамс: Горящий тур,2021,"США, Канада","мультфильм, ужасы, фэнтези, комедия, приключения, семейный","Грег Тирнан, Конрад Вернон, Лаура Бруссо, ...",5.8
Ван Хельсинг,2004,"США, Чехия, Румыния","фэнтези, боевик, триллер, приключения",Стивен Соммерс,7.6
Джуманджи: Зов джунглей,2017,"США, Индия, Канада, Великобритания, Австралия, Германия","фэнтези, боевик, комедия, приключения",Джейк Кэздан,6.9
Турист,2021,Россия,боевик,Андрей Батов,7.0
Луна 2112,2009,"Великобритания, США","фантастика, драма, детектив",Дункан Джонс,7.6
Люди Икс: Первый класс,2011,"США, Великобритания","фантастика, боевик, приключения",Мэттью Вон,7.7
Помни,2000,США,"триллер, детектив, драма, криминал",Кристофер Нолан,7.9
"Поймай меня, если сможешь",2002,"США, Канада","криминал, биография, комедия",Стивен Спилберг,8.5
Трагедия Макбета,2021,США,"драма, фэнтези",Джоэл Коэн,7.1
Славные парни,1990,США,"драма, криминал, биография",Мартин Скорсезе,8.1
Невидимка,2000,"США, Германия","ужасы, фантастика",Пол Верховен,6.9
Новые мутанты,2020,США,"фантастика, боевик, детектив, ужасы",Джош Бун,5.6
Груз 200,2007,Россия,"триллер, драма",Алексей Балабанов,6.6
ДМБ,2000,Россия,комедия,Роман Качанов,7.8
Полный расколбас,2016,"США, Канада","мультфильм, фэнтези, комедия, приключения","Грег Тирнан, Конрад Вернон",5.9
Хочу съесть твою поджелудочную железу,2018,Япония,"аниме, мультфильм, драма, мелодрама",Синъитиро Усидзима,7.8
2012,2009,США,"фантастика, приключения, боевик",Роланд Эммерих,6.9
Коралина в Стране Кошмаров,2008,США,"мультфильм, фэнтези, триллер, драма, семейный",Генри Селик,7.7
Сквозь снег,2013,"Корея Южная, Чехия","фантастика, боевик, драма",Пон Джун-хо,6.8
Плутовство,1997,США,"драма, комедия",Барри Левинсон,7.6
Однажды в пустыне,2022,Россия,военный,Андрей Кравчук,6.6
Глубокие воды,2022,"США, Австралия","триллер, драма, детектив",Эдриан Лайн,5.6
Яйцо Фаберже,2021,Россия,"комедия, приключения",Илья Фарфель,5.6
Маленькие женщины,2019,США,"драма, мелодрама",Грета Гервиг,7.7
Код 355,2022,"США, Китай","триллер, боевик",Саймон Кинберг,5.6
Охотники за привидениями,1984,США,"фантастика, фэнтези, боевик, комедия",Айвен Райтман,8.0
8 подруг Оушена,2018,США,"боевик, триллер, комедия, криминал",Гэри Росс,6.6
Скотт Пилигрим против всех,2010,"США, Великобритания, Канада, Япония","фэнтези, боевик, мелодрама, комедия",Эдгар Райт,7.2
"Знакомьтесь, Джо Блэк",1998,США,"мелодрама, фэнтези, драма",Мартин Брест,8.0
Драйв,2011,США,"криминал, драма, триллер, фильм-нуар",Николас Виндинг Рефн,7.3
Невозможное,2012,"Испания, Таиланд, США",драма,Хуан Антонио Байона,7.9
Живая сталь,2011,"США, Индия","фантастика, боевик, семейный",Шон Леви,7.6
Джуманджи: Новый уровень,2019,США,"фэнтези, боевик, комедия, приключения",Джейк Кэздан,6.6
Аферистка,2020,"США, Великобритания","триллер, комедия, криминал",Дж. Блэйксон,6.6
По наклонной,2020,США,"драма, криминал","Энтони Руссо, Джо Руссо",6.9
Девятаев,2021,Россия,"военный, биография, боевик, история, драма","Тимур Бекмамбетов, Сергей Трофимов",6.3
Пианино,1992,"Австралия, Новая Зеландия, Франция","драма, мелодрама, музыка",Джейн Кэмпион,7.8
Взаперти,2022,США,триллер,Ди Джей Карузо,5.3
Законопослушный гражданин,2009,США,"боевик, триллер, драма, криминал",Ф. Гэри Грей,8.0
Темный рыцарь,2008,"США, Великобритания","фантастика, боевик, триллер, криминал, драма",Кристофер Нолан,8.5
Чёрный краб,2022,Швеция,"фантастика, боевик, триллер, драма, приключения, военный",Адам Берг,5.9
12 лет рабства,2013,"США, Великобритания","драма, биография, история",Стив МакКуин,7.7
Мотылёк,2017,"США, Чехия, Испания","драма, криминал, приключения, биография",Михаэль Ноер,7.5
Шестое чувство,1999,США,"детектив, фэнтези, фантастика, триллер, драма",М. Найт Шьямалан,8.2
Атака титанов. Фильм первый: Жестокий мир,2015,Япония,"фантастика, драма, боевик",Синдзи Хигути,4.5
Гарри Хафт: Последний бой,2021,"Канада, Венгрия, США","драма, биография",Барри Левинсон,6.9
Мстители: Финал,2019,США,"фантастика, боевик, драма, приключения","Энтони Руссо, Джо Руссо",7.7
1917,2019,"США, Великобритания, Индия, Испания, Канада, Китай","военный, боевик, драма, история",Сэм Мендес,7.9
Календарь дьявола,2020,"Франция, Бельгия",ужасы,Патрик Ридремон,5.8
Остров фантазий,2020,США,"триллер, фантастика",Джефф Уодлоу,5.6
Горбатая гора,2005,"США, Канада","вестерн, мелодрама, драма",Энг Ли,7.6
Пятьдесят оттенков серого,2015,США,мелодрама,Сэм Тейлор-Джонсон,4.4
Области тьмы,2011,"США, Мексика","триллер, драма, фантастика",Нил Бёргер,8.0
Большая игра,2017,"США, Канада, Китай","биография, криминал, драма",Аарон Соркин,7.6
Парни со стволами,2016,"США, Румыния","драма, комедия, криминал, военный, биография",Тодд Филлипс,6.9
Исчезнувшая,2014,США,"триллер, драма, детектив",Дэвид Финчер,8.0
Трансформеры: Последний рыцарь,2017,"США, Китай, Канада, Мексика","фантастика, боевик, приключения",Майкл Бэй,5.6
Астрал,2010,США,"ужасы, триллер",Джеймс Ван,6.8
Невыносимая тяжесть огромного таланта,2022,США,"боевик, комедия, криминал",Том Гормикэн,99%
Треугольник,2009,"Великобритания, Австралия","фантастика, триллер",Кристофер Смит,6.8
Проект X: Дорвались,2012,США,комедия,Нима Нуризаде,7.0
Славные парни,2016,"США, Великобритания","криминал, комедия, боевик",Шейн Блэк,7.2
Последняя дуэль,2021,"Великобритания, США","история, драма",Ридли Скотт,7.4
Зодиак,2007,США,"триллер, детектив, драма, криминал",Дэвид Финчер,7.3
Человек на Луне,2018,"США, Япония","драма, биография, история",Дэмьен Шазелл,7.1
Во всё тяжкое,2018,США,"драма, комедия",Уэйн Робертс,7.0
Мажор. Фильм,2021,Россия,"боевик, комедия","Максим Полинский, Николай Булыгин",6.5
Один день,2011,"США, Великобритания","драма, мелодрама",Лоне Шерфиг,7.8
Первобытный страх,1996,США,"триллер, драма, криминал, детектив",Грегори Хоблит,7.8
Выживший,2015,"США, Гонконг, Тайвань","приключения, вестерн, боевик, драма, биография",Алехандро Гонсалес Иньярриту,7.8
Шан-Чи и легенда десяти колец,2021,США,"фэнтези, боевик, комедия, приключения, фантастика",Дестин Дэниел Креттон,7.3
Вестсайдская история,2021,США,"мюзикл, драма, мелодрама, криминал",Стивен Спилберг,7.0
Дневник памяти,2004,США,"драма, мелодрама",Ник Кассаветис,8.2
Евротур,2004,США,комедия,"Джефф Шаффер, Алек Берг, Дэвид Мэндел",7.6
Большой красный пес Клиффорд,2021,"США, Канада","фэнтези, комедия, приключения, семейный",Уолт Бекер,6.5
Красные огни,2011,"Испания, Канада","фэнтези, драма, детектив",Родриго Кортес,6.9
Тело,2012,Испания,"триллер, детектив, криминал",Ориол Паоло,7.3
Леон,1994,"Франция, США","боевик, триллер, драма, криминал",Люк Бессон,8.7
Легенда о Зелёном Рыцаре,2020,"Ирландия, Канада, США, Великобритания","фэнтези, приключения, драма",Дэвид Лоури,6.2
Юморист,2018,"Россия, Латвия, Чехия","драма, биография",Михаил Идов,6.6
Зов предков,2020,"США, Канада","драма, приключения, семейный",Крис Сандерс,7.5
Список Шиндлера,1993,США,"драма, биография, история, военный",Стивен Спилберг,8.8
БУМЕРанг,2021,Россия,"комедия, криминал",Пётр Буслов,5.7
Таксист,1976,США,"триллер, драма, криминал",Мартин Скорсезе,7.8
Лобстер,2015,"Ирландия, Великобритания, Греция, Франция, Нидерланды, США","фантастика, триллер, драма, мелодрама, комедия",Йоргос Лантимос,7.0
Том и Джерри,2021,"США, Великобритания, Франция, Германия","комедия, приключения, семейный",Тим Стори,6.8
Аритмия,2017,Россия,"мелодрама, драма",Борис Хлебников,7.7
Форма воды,2017,"США, Мексика","фантастика, драма",Гильермо дель Торо,6.9
Лига справедливости Зака Снайдера,2021,США,"фантастика, боевик, фэнтези",Зак Снайдер,7.9
Лекарство от здоровья,2017,"США, Германия","триллер, фантастика, ужасы, драма, фэнтези, детектив",Гор Вербински,6.4
Непосредственно Каха!,2020,Россия,комедия,Виктор Шамиров,4.3
Kingsman: Золотое кольцо,2017,"Великобритания, США","боевик, триллер, комедия, криминал, приключения",Мэттью Вон,6.9
Секс по дружбе,2011,США,"мелодрама, комедия, драма",Уилл Глак,7.1
Паранормальное явление: Ближайший родич,2021,США,ужасы,Уильям Юбэнк,5.3
Небо,2021,Россия,"военный, драма, боевик, биография",Игорь Копылов,7.2
Скрытые фигуры,2016,США,"драма, биография, история",Тед Мелфи,7.8
Внезапная удача,2022,США,"триллер, драма, криминал",Чарли Макдауэлл,5.8
Морбиус,2022,США,"ужасы, фантастика, боевик, фэнтези",Даниэль Эспиноса,5.3
Впритык,2010,США,комедия,Тодд Филлипс,7.2
Добро пожаловать в Zомбилэнд,2009,США,"ужасы, комедия, боевик",Рубен Фляйшер,7.4
Исходный код,2011,"США, Канада, Франция, Германия","фантастика, боевик, триллер, драма",Дункан Джонс,7.8
Монстры на каникулах: Трансформания,2022,США,"мультфильм, фэнтези, комедия, приключения, семейный","Дерек Драймон, Дженнифер Клуска",6.3
Амели,2001,"Франция, Германия","мелодрама, комедия",Жан-Пьер Жёне,8.0
Лолита,1997,"Франция, США","драма, мелодрама",Эдриан Лайн,7.6
Гадкий я,2010,"США, Франция, Япония","мультфильм, фантастика, комедия, криминал, приключения, семейный","Пьер Коффан, Крис Рено",7.8
Хижина в лесу,2011,США,"ужасы, комедия, фэнтези",Дрю Годдард,6.7
Клаустрофобы 2: Лига выживших,2021,"США, ЮАР","ужасы, боевик",Адам Робител,6.0
"Три билборда на границе Эббинга, Миссури",2017,"Великобритания, США","драма, криминал",Мартин МакДона,8.1
Малыш на драйве,2017,"Великобритания, США","боевик, триллер, драма, криминал, музыка",Эдгар Райт,7.2
О чём говорят мужчины,2010,Россия,комедия,Дмитрий Дьяченко,7.8
Дело храбрых,2017,США,"боевик, драма, биография",Джозеф Косински,8.0
Фантастические твари и где они обитают,2016,"Великобритания, США","фэнтези, приключения, семейный",Дэвид Йейтс,7.6
Топ Ган: Мэверик,2022,"Китай, США","боевик, драма",Джозеф Косински,89%
Борьба со льдом,2022,"Исландия, Дания","биография, драма, история",Петер Флинт,6.6
Железный человек 2,2010,США,"фантастика, боевик, приключения",Джон Фавро,7.5
Великая стена,2016,"США, Китай, Гонконг, Австралия, Канада","фэнтези, боевик, триллер, приключения",Чжан Имоу,6.1
Поездка в Америку 2,2021,США,комедия,Крэйг Брюэр,5.2
Кошачьи миры Луиса Уэйна,2021,Великобритания,"биография, история, драма",Уилл Шарп,7.4
1+1,2011,Франция,"драма, комедия, биография","Оливье Накаш, Эрик Толедано",8.8
Остров проклятых,2009,США,"триллер, детектив, драма",Мартин Скорсезе,8.5
На пятьдесят оттенков темнее,2017,"США, Китай, Япония","драма, мелодрама",Джеймс Фоули,5.2
Залечь на дно в Брюгге,2007,"Великобритания, США","комедия, криминал, триллер, драма",Мартин МакДона,7.8
Бегущий по лезвию,1982,США,"фантастика, триллер, драма, мелодрама",Ридли Скотт,7.7
2001 год: Космическая одиссея,1968,"Великобритания, США","фантастика, приключения",Стэнли Кубрик,7.9
Оно 2,2019,"США, Канада","ужасы, фэнтези, драма",Андрес Мускетти,6.5
Чужой,1979,"Великобритания, США","ужасы, фантастика, триллер",Ридли Скотт,8.1
Гордость и предубеждение и зомби,2015,"США, Великобритания","ужасы, фэнтези, боевик, мелодрама, комедия",Бёрр Стирс,5.8
Человек-паук,2002,США,"фантастика, боевик, приключения",Сэм Рэйми,7.6
Железная хватка,2010,США,"вестерн, драма, приключения","Итан Коэн, Джоэл Коэн",7.6
Тёмная башня,2017,США,"фантастика, фэнтези, боевик, приключения, вестерн",Николай Арсель,5.7
Три богатыря и Конь на троне,2021,Россия,"мультфильм, комедия, приключения","Дарина Шмидт, Константин Феоктистов",7.4
Джанго освобожденный,2012,США,"вестерн, боевик, драма, комедия",Квентин Тарантино,8.2
Тело Дженнифер,2009,"США, Канада","ужасы, комедия",Карин Кусама,5.7
Громкая связь,2018,Россия,комедия,Алексей Нужный,6.8
Тихое место 2,2020,США,"ужасы, фантастика, драма",Джон Красински,6.6
Тренер Картер,2005,"США, Германия","биография, спорт, драма",Томас Картер,8.1
Красавица и дракон,2021,Япония,"аниме, мультфильм, фантастика, драма",Мамору Хосода,7.3
Предложение,2009,США,"мелодрама, комедия, драма",Энн Флетчер,7.6
Пекло,2007,"Великобритания, США","фантастика, триллер",Дэнни Бойл,7.3
Очень страшное кино,2000,США,"комедия, ужасы",Кинен Айвори Уайанс,7.0
Ла-Ла Ленд,2016,"США, Гонконг","мюзикл, драма, мелодрама, комедия, музыка",Дэмьен Шазелл,7.9
Одиннадцать молчаливых мужчин,2021,Россия,"драма, спорт",Алексей Пиманов,6.0
RRR,2022,Индия,"боевик, драма, история",С.С. Раджамули,–
"Кловерфилд, 10",2016,США,"триллер, драма, фантастика",Дэн Трахтенберг,6.9
Властелин колец: Братство Кольца,2001,"Новая Зеландия, США","фэнтези, приключения, драма",Питер Джексон,8.6
Легион,2010,США,"ужасы, фэнтези, боевик",Скотт Чарльз Стюарт,5.5
Донни Дарко,2001,США,"фантастика, триллер, драма, детектив",Ричард Келли,7.6
Морфий,2008,Россия,драма,Алексей Балабанов,7.1
Связь,2012,"США, Великобритания","фантастика, триллер, драма",Джеймс Уорд Биркит,7.0
Дневник баскетболиста,1995,США,"драма, криминал, биография, спорт",Скотт Кэлверт,7.8
Бесславные ублюдки,2009,"Германия, США","боевик, драма, комедия, военный",Квентин Тарантино,7.9
Иван Васильевич меняет профессию,1973,СССР,"комедия, фантастика, приключения",Леонид Гайдай,8.8
Великий,2020,"Великобритания, США, ОАЭ, Япония","драма, биография",Эндрю Левитас,7.5
Крепкий орешек,1988,США,"боевик, триллер, криминал",Джон МакТирнан,8.0
12 обезьян,1995,США,"фантастика, триллер, детектив",Терри Гиллиам,7.8
Того,2019,США,"драма, приключения, семейный, биография, история",Эриксон Кор,8.0
Король Стейтен-Айленда,2020,США,"драма, комедия",Джадд Апатоу,7.2
Миллион способов потерять голову,2014,США,"комедия, вестерн",Сет МакФарлейн,6.2
Вечное сияние чистого разума,2004,США,"мелодрама, фантастика, драма",Мишель Гондри,8.0
Камон Камон,2021,США,драма,Майк Миллс,7.7
Вторжение,2019,Россия,"фантастика, боевик",Фёдор Бондарчук,5.7
Поездка,2021,Норвегия,"триллер, комедия",Томми Виркола,6.7
Дорога перемен,2008,"США, Великобритания","драма, мелодрама",Сэм Мендес,7.5
Шрэк,2001,"США, Япония","мультфильм, фэнтези, комедия, приключения, семейный","Эндрю Адамсон, Вики Дженсон",8.1
Цельнометаллическая оболочка,1987,"Великобритания, США","драма, военный",Стэнли Кубрик,8.0
Тёмное наследие,2020,США,"триллер, драма, детектив",Вон Стайн,6.0
Соври мне правду,2021,Россия,"триллер, драма",Ольга Акатьева,4.9
Дюна 2,2023,"США, Канада","фантастика, боевик, драма, приключения",Дени Вильнёв,99%
Tomb Raider: Лара Крофт,2018,"Великобритания, США","фэнтези, боевик, триллер, приключения",Роар Утхауг,6.2
Вуайеристы,2021,США,"триллер, драма, детектив",Майкл Мохан,6.3
Хоббит: Пустошь Смауга,2013,"Новая Зеландия, США","фэнтези, приключения, боевик",Питер Джексон,8.0
Конёк-Горбунок,2021,Россия,"фэнтези, комедия, приключения",Олег Погодин,6.8
Майор Гром: Чумной Доктор,2021,Россия,"боевик, криминал, детектив, комедия",Олег Трофим,7.2
Заплати другому,2000,США,драма,Мими Ледер,8.1
Стеклоочиститель,2021,"США, Испания","мультфильм, короткометражка, фэнтези, мелодрама",Альберто Мьельго,7.7
Побег из Претории,2020,"Великобритания, Австралия, США, ЮАР, Германия",триллер,Фрэнсис Аннан,6.7
Евангелион 3.0+1.01: Как-то раз,2021,Япония,"аниме, мультфильм, фантастика, боевик, драма","Хидэаки Анно, Махиро Маэда, Кацуити Накаяма, ...",7.7
Всё везде и сразу,2022,США,"фантастика, фэнтези, боевик, комедия, приключения","Дэн Кван, Дэниэл Шайнерт",8.3
Форма голоса,2016,Япония,"аниме, мультфильм, драма, мелодрама",Наоко Ямада,8.2
Платформа,2019,Испания,"фантастика, триллер, драма",Гальдер Гастелу-Уррутия,7.1
Kingsman: Секретная служба,2015,"Великобритания, США","боевик, комедия, криминал, приключения",Мэттью Вон,7.7
Третий лишний,2012,США,комедия,Сет МакФарлейн,6.7
Холоп,2019,Россия,комедия,Клим Шипенко,6.8
Железный человек,2008,"США, Канада","фантастика, боевик, приключения",Джон Фавро,7.9
Первый мститель,2011,США,"фантастика, боевик, приключения, военный",Джо Джонстон,6.7
Сокровище нации,2004,США,"боевик, триллер, детектив, приключения",Джон Тёртлтауб,7.7
Чёрный телефон,2021,США,ужасы,Скотт Дерриксон,–
Однажды в… Голливуде,2019,"США, Великобритания, Китай","драма, комедия",Квентин Тарантино,7.6
Чарли и шоколадная фабрика,2005,США,"мюзикл, фэнтези, комедия, приключения, семейный",Тим Бёртон,7.6
Круиз по джунглям,2021,США,"приключения, комедия, фэнтези",Жауме Кольет-Серра,6.8
Чудо,2017,"США, Гонконг, Канада","драма, семейный",Стивен Чбоски,8.0
ВАЛЛ·И,2008,США,"мультфильм, фантастика, приключения, семейный",Эндрю Стэнтон,8.3
300 спартанцев,2007,"США, Канада, Болгария, Австралия","боевик, драма",Зак Снайдер,7.6
Её заветное желание,2020,Япония,"аниме, мультфильм, мелодрама, драма",Котаро Тамура,8.0
Одаренная,2017,США,драма,Марк Уэбб,7.8
Человек-паук: Через вселенные 2,2022,США,"мультфильм, фантастика, фэнтези, боевик, комедия, приключения, семейный","Жоаким Душ Сантуш, Кемп Пауэрс, Джастин Томпсон",98%
Петля времени,2012,"США, Китай","фантастика, боевик, триллер, драма",Райан Джонсон,7.0
В диких условиях,2007,США,"драма, приключения, биография",Шон Пенн,7.9
Как приручить дракона 3,2019,"США, Япония","мультфильм, фэнтези, боевик, драма, мелодрама, комедия, приключения, семейный",Дин ДеБлуа,7.7
Стальной гигант,1999,США,"мультфильм, фантастика, боевик, комедия, приключения, семейный",Брэд Бёрд,8.1
Я — начало,2014,США,"фантастика, драма, мелодрама, детектив",Майк Кэхилл,7.6
Война миров,2005,США,"фантастика, боевик, приключения",Стивен Спилберг,7.1
